<?xml version="1.0" encoding="US-ASCII"?>
<linkbase xmlns="http://www.xbrl.org/2003/linkbase"
xmlns:xbrldt="http://xbrl.org/2005/xbrldt"
xmlns:xlink="http://www.w3.org/1999/xlink"
xmlns:xsi="http://www.w3.org/2001/XMLSchema-instance" xsi:schemaLocation="http://www.xbrl.org/2003/linkbase http://www.xbrl.org/2003/xbrl-linkbase-2003-12-31.xsd">
<roleRef roleURI="http://www.brightstar.com/taxonomy/role/DocumentandEntityInformation" xlink:type="simple" xlink:href="bst-20160930.xsd#DocumentandEntityInformation" />
<roleRef roleURI="http://www.brightstar.com/taxonomy/role/StatementOfFinancialPositionClassified" xlink:type="simple" xlink:href="bst-20160930.xsd#Role_StatementOfFinancialPositionClassified" />
<roleRef roleURI="http://www.brightstar.com/taxonomy/role/StatementOfFinancialPositionClassifiedParenthetical" xlink:type="simple" xlink:href="bst-20160930.xsd#Role_StatementOfFinancialPositionClassifiedParen" />
<roleRef roleURI="http://www.brightstar.com/taxonomy/role/StatementOfIncome" xlink:type="simple" xlink:href="bst-20160930.xsd#Role_StatementOfIncome" />
<roleRef roleURI="http://www.brightstar.com/taxonomy/role/StatementOfCashFlowsIndirect" xlink:type="simple" xlink:href="bst-20160930.xsd#Role_StatementOfCashFlowsIndirect" />
<roleRef roleURI="http://www.brightstar.com/taxonomy/role/DisclosureSegmentInformationSummaryOfSegmentInformation" xlink:type="simple" xlink:href="bst-20160930.xsd#DisclosureSegmentInformationSummaryOfSegmentInformation" />
<roleRef roleURI="http://www.brightstar.com/taxonomy/role/NotesToFinancialStatementsOrganizationConsolidationAndPresentationOfFinancialStatementsDisclosureTextBlock" xlink:type="simple" xlink:href="bst-20160930.xsd#Role_NotesToFinancialStatementsOrganizationConsolidationAndPresentationOfFinancialStatementsDisclosureTextBlock" />
<roleRef roleURI="http://www.brightstar.com/taxonomy/role/NotesToFinancialStatementsSegmentReportingDisclosureTextBlock" xlink:type="simple" xlink:href="bst-20160930.xsd#Role_NotesToFinancialStatementsSegmentReportingDisclosureTextBlock" />
<roleRef roleURI="http://www.brightstar.com/taxonomy/role/NotesToFinancialStatementsSegmentReportingDisclosureTextBlockTables" xlink:type="simple" xlink:href="bst-20160930.xsd#Role_NotesToFinancialStatementsSegmentReportingDisclosureTextBlockTables" />
<arcroleRef xlink:type="simple" arcroleURI="http://xbrl.org/int/dim/arcrole/all" xlink:href="http://www.xbrl.org/2005/xbrldt-2005.xsd#all" />
<arcroleRef xlink:type="simple" arcroleURI="http://xbrl.org/int/dim/arcrole/dimension-default" xlink:href="http://www.xbrl.org/2005/xbrldt-2005.xsd#dimension-default" />
<arcroleRef xlink:type="simple" arcroleURI="http://xbrl.org/int/dim/arcrole/dimension-domain" xlink:href="http://www.xbrl.org/2005/xbrldt-2005.xsd#dimension-domain" />
<arcroleRef xlink:type="simple" arcroleURI="http://xbrl.org/int/dim/arcrole/domain-member" xlink:href="http://www.xbrl.org/2005/xbrldt-2005.xsd#domain-member" />
<arcroleRef xlink:type="simple" arcroleURI="http://xbrl.org/int/dim/arcrole/hypercube-dimension" xlink:href="http://www.xbrl.org/2005/xbrldt-2005.xsd#hypercube-dimension" />
<definitionLink xlink:type="extended" xlink:role="http://www.brightstar.com/taxonomy/role/DocumentandEntityInformation" />
<definitionLink xlink:type="extended" xlink:role="http://www.brightstar.com/taxonomy/role/StatementOfFinancialPositionClassified" />
<definitionLink xlink:type="extended" xlink:role="http://www.brightstar.com/taxonomy/role/StatementOfFinancialPositionClassifiedParenthetical" />
<definitionLink xlink:type="extended" xlink:role="http://www.brightstar.com/taxonomy/role/StatementOfIncome" />
<definitionLink xlink:type="extended" xlink:role="http://www.brightstar.com/taxonomy/role/StatementOfCashFlowsIndirect" />
<definitionLink xlink:type="extended" xlink:role="http://www.brightstar.com/taxonomy/role/DisclosureSegmentInformationSummaryOfSegmentInformation">
<loc xlink:type="locator" xlink:href="http://xbrl.fasb.org/us-gaap/2018/elts/us-gaap-2018-01-31.xsd#us-gaap_SegmentReportingInformationLineItems" xlink:label="us-gaap_SegmentReportingInformationLineItems" />
<loc xlink:type="locator" xlink:href="http://xbrl.fasb.org/us-gaap/2018/elts/us-gaap-2018-01-31.xsd#us-gaap_ScheduleOfSegmentReportingInformationBySegmentTable" xlink:label="us-gaap_ScheduleOfSegmentReportingInformationBySegmentTable" />
<definitionArc xlink:type="arc" order="100.0" priority="2" use="optional" xbrldt:closed="true" xbrldt:contextElement="segment" xlink:arcrole="http://xbrl.org/int/dim/arcrole/all" xlink:from="us-gaap_SegmentReportingInformationLineItems" xlink:to="us-gaap_ScheduleOfSegmentReportingInformationBySegmentTable" />
<loc xlink:type="locator" xlink:href="http://xbrl.fasb.org/us-gaap/2018/elts/us-gaap-2018-01-31.xsd#us-gaap_StatementBusinessSegmentsAxis" xlink:label="us-gaap_StatementBusinessSegmentsAxis" />
<definitionArc xlink:type="arc" order="1.0" priority="2" use="optional" xlink:arcrole="http://xbrl.org/int/dim/arcrole/hypercube-dimension" xlink:from="us-gaap_ScheduleOfSegmentReportingInformationBySegmentTable" xlink:to="us-gaap_StatementBusinessSegmentsAxis" />
<loc xlink:type="locator" xlink:href="http://xbrl.fasb.org/us-gaap/2018/elts/us-gaap-2018-01-31.xsd#us-gaap_SegmentDomain" xlink:label="us-gaap_SegmentDomain" />
<definitionArc xlink:type="arc" order="1.0" priority="2" use="optional" xlink:arcrole="http://xbrl.org/int/dim/arcrole/dimension-default" xlink:from="us-gaap_StatementBusinessSegmentsAxis" xlink:to="us-gaap_SegmentDomain" />
<loc xlink:type="locator" xlink:href="http://xbrl.fasb.org/us-gaap/2018/elts/us-gaap-2018-01-31.xsd#us-gaap_SegmentDomain" xlink:label="us-gaap_SegmentDomain_2" />
<definitionArc xlink:type="arc" order="1.0" priority="2" use="optional" xlink:arcrole="http://xbrl.org/int/dim/arcrole/dimension-domain" xlink:from="us-gaap_StatementBusinessSegmentsAxis" xlink:to="us-gaap_SegmentDomain_2" />
<loc xlink:type="locator" xlink:href="http://xbrl.fasb.org/us-gaap/2018/elts/us-gaap-2018-01-31.xsd#us-gaap_MainlineMember" xlink:label="us-gaap_MainlineMember" />
<definitionArc xlink:type="arc" order="1.08" priority="2" use="optional" xlink:arcrole="http://xbrl.org/int/dim/arcrole/domain-member" xlink:from="us-gaap_SegmentDomain" xlink:to="us-gaap_MainlineMember" />
<loc xlink:type="locator" xlink:href="http://xbrl.fasb.org/us-gaap/2018/elts/us-gaap-2018-01-31.xsd#us-gaap_RegionalCarrierMember" xlink:label="us-gaap_RegionalCarrierMember" />
<definitionArc xlink:type="arc" order="1.09" priority="2" use="optional" xlink:arcrole="http://xbrl.org/int/dim/arcrole/domain-member" xlink:from="us-gaap_SegmentDomain" xlink:to="us-gaap_RegionalCarrierMember" />
<loc xlink:type="locator" xlink:href="bst-20160930.xsd#bst_CargoMember" xlink:label="bst_CargoMember" />
<definitionArc xlink:type="arc" order="1.1" priority="2" use="optional" xlink:arcrole="http://xbrl.org/int/dim/arcrole/domain-member" xlink:from="us-gaap_SegmentDomain" xlink:to="bst_CargoMember" />
<loc xlink:type="locator" xlink:href="bst-20160930.xsd#bst_HeavyEquipmentMember" xlink:label="bst_HeavyEquipmentMember" />
<definitionArc xlink:type="arc" order="1.11" priority="2" use="optional" xlink:arcrole="http://xbrl.org/int/dim/arcrole/domain-member" xlink:from="us-gaap_SegmentDomain" xlink:to="bst_HeavyEquipmentMember" />
<loc xlink:type="locator" xlink:href="bst-20160930.xsd#bst_OtherMember" xlink:label="bst_OtherMember" />
<definitionArc xlink:type="arc" order="1.12" priority="2" use="optional" xlink:arcrole="http://xbrl.org/int/dim/arcrole/domain-member" xlink:from="us-gaap_SegmentDomain" xlink:to="bst_OtherMember" />
<loc xlink:type="locator" xlink:href="http://xbrl.fasb.org/us-gaap/2018/elts/us-gaap-2018-01-31.xsd#us-gaap_SalesRevenueNetAbstract" xlink:label="us-gaap_SalesRevenueNetAbstract" />
<definitionArc xlink:type="arc" order="1.02" priority="2" use="optional" xlink:arcrole="http://xbrl.org/int/dim/arcrole/domain-member" xlink:from="us-gaap_SegmentReportingInformationLineItems" xlink:to="us-gaap_SalesRevenueNetAbstract" />
<loc xlink:type="locator" xlink:href="http://xbrl.fasb.org/us-gaap/2018/elts/us-gaap-2018-01-31.xsd#us-gaap_SalesRevenueNet" xlink:label="us-gaap_SalesRevenueNet" />
<definitionArc xlink:type="arc" order="1.01" priority="2" use="optional" xlink:arcrole="http://xbrl.org/int/dim/arcrole/domain-member" xlink:from="us-gaap_SalesRevenueNetAbstract" xlink:to="us-gaap_SalesRevenueNet" />
<loc xlink:type="locator" xlink:href="http://xbrl.fasb.org/us-gaap/2018/elts/us-gaap-2018-01-31.xsd#us-gaap_OperatingIncomeLossAbstract" xlink:label="us-gaap_OperatingIncomeLossAbstract" />
<definitionArc xlink:type="arc" order="1.03" priority="2" use="optional" xlink:arcrole="http://xbrl.org/int/dim/arcrole/domain-member" xlink:from="us-gaap_SegmentReportingInformationLineItems" xlink:to="us-gaap_OperatingIncomeLossAbstract" />
<loc xlink:type="locator" xlink:href="http://xbrl.fasb.org/us-gaap/2018/elts/us-gaap-2018-01-31.xsd#us-gaap_OperatingIncomeLoss" xlink:label="us-gaap_OperatingIncomeLoss" />
<definitionArc xlink:type="arc" order="1.13" priority="2" use="optional" xlink:arcrole="http://xbrl.org/int/dim/arcrole/domain-member" xlink:from="us-gaap_OperatingIncomeLossAbstract" xlink:to="us-gaap_OperatingIncomeLoss" />
<loc xlink:type="locator" xlink:href="http://xbrl.fasb.org/us-gaap/2018/elts/us-gaap-2018-01-31.xsd#us-gaap_InterestRevenueExpenseNet" xlink:label="us-gaap_InterestRevenueExpenseNet" />
<definitionArc xlink:type="arc" order="1.04" priority="2" use="optional" xlink:arcrole="http://xbrl.org/int/dim/arcrole/domain-member" xlink:from="us-gaap_SegmentReportingInformationLineItems" xlink:to="us-gaap_InterestRevenueExpenseNet" />
<loc xlink:type="locator" xlink:href="http://xbrl.fasb.org/us-gaap/2018/elts/us-gaap-2018-01-31.xsd#us-gaap_AmortizationOfIntangibleAssets" xlink:label="us-gaap_AmortizationOfIntangibleAssets" />
<definitionArc xlink:type="arc" order="1.05" priority="2" use="optional" xlink:arcrole="http://xbrl.org/int/dim/arcrole/domain-member" xlink:from="us-gaap_SegmentReportingInformationLineItems" xlink:to="us-gaap_AmortizationOfIntangibleAssets" />
<loc xlink:type="locator" xlink:href="http://xbrl.fasb.org/us-gaap/2018/elts/us-gaap-2018-01-31.xsd#us-gaap_OtherNoninterestExpense" xlink:label="us-gaap_OtherNoninterestExpense" />
<definitionArc xlink:type="arc" order="1.06" priority="2" use="optional" xlink:arcrole="http://xbrl.org/int/dim/arcrole/domain-member" xlink:from="us-gaap_SegmentReportingInformationLineItems" xlink:to="us-gaap_OtherNoninterestExpense" />
<loc xlink:type="locator" xlink:href="http://xbrl.fasb.org/us-gaap/2018/elts/us-gaap-2018-01-31.xsd#us-gaap_IncomeLossFromContinuingOperationsBeforeIncomeTaxesExtraordinaryItemsNoncontrollingInterest" xlink:label="us-gaap_IncomeLossFromContinuingOperationsBeforeIncomeTaxesExtraordinaryItemsNoncontrollingInterest" />
<definitionArc xlink:type="arc" order="1.07" priority="2" use="optional" xlink:arcrole="http://xbrl.org/int/dim/arcrole/domain-member" xlink:from="us-gaap_SegmentReportingInformationLineItems" xlink:to="us-gaap_IncomeLossFromContinuingOperationsBeforeIncomeTaxesExtraordinaryItemsNoncontrollingInterest" />
</definitionLink>
<definitionLink xlink:type="extended" xlink:role="http://www.brightstar.com/taxonomy/role/NotesToFinancialStatementsOrganizationConsolidationAndPresentationOfFinancialStatementsDisclosureTextBlock" />
<definitionLink xlink:type="extended" xlink:role="http://www.brightstar.com/taxonomy/role/NotesToFinancialStatementsSegmentReportingDisclosureTextBlock" />
<definitionLink xlink:type="extended" xlink:role="http://www.brightstar.com/taxonomy/role/NotesToFinancialStatementsSegmentReportingDisclosureTextBlockTables" />
</linkbase>
