<?xml version="1.0" encoding="US-ASCII"?>
<linkbase xmlns="http://www.xbrl.org/2003/linkbase"
    xmlns:xlink="http://www.w3.org/1999/xlink"
    xmlns:xsi="http://www.w3.org/2001/XMLSchema-instance" xsi:schemaLocation="http://www.xbrl.org/2003/linkbase http://www.xbrl.org/2003/xbrl-linkbase-2003-12-31.xsd">
    <roleRef roleURI="http://www.brightstar.com/taxonomy/role/DocumentandEntityInformation" xlink:type="simple" xlink:href="bst-20160930.xsd#DocumentandEntityInformation" />
    <roleRef roleURI="http://www.brightstar.com/taxonomy/role/StatementOfFinancialPositionClassified" xlink:type="simple" xlink:href="bst-20160930.xsd#Role_StatementOfFinancialPositionClassified" />
    <roleRef roleURI="http://www.brightstar.com/taxonomy/role/StatementOfFinancialPositionClassifiedParenthetical" xlink:type="simple" xlink:href="bst-20160930.xsd#Role_StatementOfFinancialPositionClassifiedParen" />
    <roleRef roleURI="http://www.brightstar.com/taxonomy/role/StatementOfIncome" xlink:type="simple" xlink:href="bst-20160930.xsd#Role_StatementOfIncome" />
    <roleRef roleURI="http://www.brightstar.com/taxonomy/role/StatementOfCashFlowsIndirect" xlink:type="simple" xlink:href="bst-20160930.xsd#Role_StatementOfCashFlowsIndirect" />
    <roleRef roleURI="http://www.brightstar.com/taxonomy/role/DisclosureSegmentInformationSummaryOfSegmentInformation" xlink:type="simple" xlink:href="bst-20160930.xsd#DisclosureSegmentInformationSummaryOfSegmentInformation" />
    <roleRef roleURI="http://www.brightstar.com/taxonomy/role/NotesToFinancialStatementsOrganizationConsolidationAndPresentationOfFinancialStatementsDisclosureTextBlock" xlink:type="simple" xlink:href="bst-20160930.xsd#Role_NotesToFinancialStatementsOrganizationConsolidationAndPresentationOfFinancialStatementsDisclosureTextBlock" />
    <roleRef roleURI="http://www.brightstar.com/taxonomy/role/NotesToFinancialStatementsSegmentReportingDisclosureTextBlock" xlink:type="simple" xlink:href="bst-20160930.xsd#Role_NotesToFinancialStatementsSegmentReportingDisclosureTextBlock" />
    <roleRef roleURI="http://www.brightstar.com/taxonomy/role/NotesToFinancialStatementsSegmentReportingDisclosureTextBlockTables" xlink:type="simple" xlink:href="bst-20160930.xsd#Role_NotesToFinancialStatementsSegmentReportingDisclosureTextBlockTables" />
    <roleRef roleURI="http://www.xbrl.org/2009/role/negatedLabel" xlink:type="simple" xlink:href="http://www.xbrl.org/lrr/role/negated-2009-12-16.xsd#negatedLabel" />
    <roleRef roleURI="http://www.xbrl.org/2009/role/negatedTotalLabel" xlink:type="simple" xlink:href="http://www.xbrl.org/lrr/role/negated-2009-12-16.xsd#negatedTotalLabel" />
    <roleRef roleURI="http://www.brightstar.com/taxonomy/role/RecentAccountingPronouncements" xlink:type="simple" xlink:href="bst-20160930.xsd#Role_RecentAccountingProunouncements" />
    <presentationLink xlink:type="extended" xlink:role="http://www.brightstar.com/taxonomy/role/RecentAccountingPronouncements">
        <loc xlink:type="locator" xlink:href="http://xbrl.fasb.org/us-gaap/2018/elts/us-gaap-2018-01-31.xsd#us-gaap_NewAccountingPronouncementsAndChangesInAccountingPrinciplesAbstract" xlink:label="NewAccountingPronouncementsAndChangesInAccountingPrinciplesAbstract" />
        <loc xlink:type="locator" xlink:href="http://xbrl.fasb.org/us-gaap/2018/elts/us-gaap-2018-01-31.xsd#us-gaap_DescriptionOfNewAccountingPronouncementsNotYetAdopted" xlink:label="DescriptionOfNewAccountingPronouncementsNotYetAdopted" />
        <presentationArc xlink:type="arc" order="1.01" preferredLabel="http://www.xbrl.org/2003/role/terseLabel" xlink:arcrole="http://www.xbrl.org/2003/arcrole/parent-child" xlink:from="NewAccountingPronouncementsAndChangesInAccountingPrinciplesAbstract" xlink:to="DescriptionOfNewAccountingPronouncementsNotYetAdopted" />
    </presentationLink>

    <presentationLink xlink:type="extended" xlink:role="http://www.brightstar.com/taxonomy/role/DocumentandEntityInformation">
        <loc xlink:type="locator" xlink:href="bst-20160930.xsd#bst_DocumentAndEntityInformationAbstract" xlink:label="bst_DocumentAndEntityInformationAbstract" />

        <loc xlink:type="locator" xlink:href="https://xbrl.sec.gov/dei/2018/dei-2018-01-31.xsd#dei_DocumentType" xlink:label="dei_DocumentType" />
        <presentationArc xlink:type="arc" order="1.01" preferredLabel="http://www.xbrl.org/2003/role/terseLabel" priority="2" use="optional" xlink:arcrole="http://www.xbrl.org/2003/arcrole/parent-child" xlink:from="bst_DocumentAndEntityInformationAbstract" xlink:to="dei_DocumentType" />

        <loc xlink:type="locator" xlink:href="https://xbrl.sec.gov/dei/2018/dei-2018-01-31.xsd#dei_AmendmentFlag" xlink:label="dei_AmendmentFlag" />
        <presentationArc xlink:type="arc" order="1.02" preferredLabel="http://www.xbrl.org/2003/role/terseLabel" priority="2" use="optional" xlink:arcrole="http://www.xbrl.org/2003/arcrole/parent-child" xlink:from="bst_DocumentAndEntityInformationAbstract" xlink:to="dei_AmendmentFlag" />
        <loc xlink:type="locator" xlink:href="https://xbrl.sec.gov/dei/2018/dei-2018-01-31.xsd#dei_DocumentPeriodEndDate" xlink:label="dei_DocumentPeriodEndDate" />

        <presentationArc xlink:type="arc" order="1.03" preferredLabel="http://www.xbrl.org/2003/role/terseLabel" priority="2" use="optional" xlink:arcrole="http://www.xbrl.org/2003/arcrole/parent-child" xlink:from="bst_DocumentAndEntityInformationAbstract" xlink:to="dei_DocumentPeriodEndDate" />
        <loc xlink:type="locator" xlink:href="https://xbrl.sec.gov/dei/2018/dei-2018-01-31.xsd#dei_DocumentFiscalYearFocus" xlink:label="dei_DocumentFiscalYearFocus" />
        <presentationArc xlink:type="arc" order="1.04" preferredLabel="http://www.xbrl.org/2003/role/terseLabel" priority="2" use="optional" xlink:arcrole="http://www.xbrl.org/2003/arcrole/parent-child" xlink:from="bst_DocumentAndEntityInformationAbstract" xlink:to="dei_DocumentFiscalYearFocus" />
        <loc xlink:type="locator" xlink:href="https://xbrl.sec.gov/dei/2018/dei-2018-01-31.xsd#dei_DocumentFiscalPeriodFocus" xlink:label="dei_DocumentFiscalPeriodFocus" />
        <presentationArc xlink:type="arc" order="1.05" preferredLabel="http://www.xbrl.org/2003/role/terseLabel" priority="2" use="optional" xlink:arcrole="http://www.xbrl.org/2003/arcrole/parent-child" xlink:from="bst_DocumentAndEntityInformationAbstract" xlink:to="dei_DocumentFiscalPeriodFocus" />
        <loc xlink:type="locator" xlink:href="https://xbrl.sec.gov/dei/2018/dei-2018-01-31.xsd#dei_EntityRegistrantName" xlink:label="dei_EntityRegistrantName" />
        <presentationArc xlink:type="arc" order="1.06" preferredLabel="http://www.xbrl.org/2003/role/terseLabel" priority="2" use="optional" xlink:arcrole="http://www.xbrl.org/2003/arcrole/parent-child" xlink:from="bst_DocumentAndEntityInformationAbstract" xlink:to="dei_EntityRegistrantName" />
        <loc xlink:type="locator" xlink:href="https://xbrl.sec.gov/dei/2018/dei-2018-01-31.xsd#dei_EntityCentralIndexKey" xlink:label="dei_EntityCentralIndexKey" />
        <presentationArc xlink:type="arc" order="1.07" preferredLabel="http://www.xbrl.org/2003/role/terseLabel" priority="2" use="optional" xlink:arcrole="http://www.xbrl.org/2003/arcrole/parent-child" xlink:from="bst_DocumentAndEntityInformationAbstract" xlink:to="dei_EntityCentralIndexKey" />

        <loc xlink:type="locator" xlink:href="https://xbrl.sec.gov/dei/2018/dei-2018-01-31.xsd#dei_CurrentFiscalYearEndDate" xlink:label="dei_CurrentFiscalYearEndDate" />
        <presentationArc xlink:type="arc" order="1.08" preferredLabel="http://www.xbrl.org/2003/role/terseLabel" priority="2" use="optional" xlink:arcrole="http://www.xbrl.org/2003/arcrole/parent-child" xlink:from="bst_DocumentAndEntityInformationAbstract" xlink:to="dei_CurrentFiscalYearEndDate" />

        <loc xlink:type="locator" xlink:href="https://xbrl.sec.gov/dei/2018/dei-2018-01-31.xsd#dei_EntityFilerCategory" xlink:label="dei_EntityFilerCategory" />
        <presentationArc xlink:type="arc" order="1.09" preferredLabel="http://www.xbrl.org/2003/role/terseLabel" priority="2" use="optional" xlink:arcrole="http://www.xbrl.org/2003/arcrole/parent-child" xlink:from="bst_DocumentAndEntityInformationAbstract" xlink:to="dei_EntityFilerCategory" />
        <loc xlink:type="locator" xlink:href="https://xbrl.sec.gov/dei/2018/dei-2018-01-31.xsd#dei_EntityCommonStockSharesOutstanding" xlink:label="dei_EntityCommonStockSharesOutstanding" />
        <presentationArc xlink:type="arc" order="1.1" preferredLabel="http://www.xbrl.org/2003/role/terseLabel" priority="2" use="optional" xlink:arcrole="http://www.xbrl.org/2003/arcrole/parent-child" xlink:from="bst_DocumentAndEntityInformationAbstract" xlink:to="dei_EntityCommonStockSharesOutstanding" />
    </presentationLink>
    <presentationLink xlink:type="extended" xlink:role="http://www.brightstar.com/taxonomy/role/StatementOfFinancialPositionClassified">
        <loc xlink:type="locator" xlink:href="http://xbrl.fasb.org/us-gaap/2018/elts/us-gaap-2018-01-31.xsd#us-gaap_StatementOfFinancialPositionAbstract" xlink:label="us-gaap_StatementOfFinancialPositionAbstract" />
        <loc xlink:type="locator" xlink:href="http://xbrl.fasb.org/us-gaap/2018/elts/us-gaap-2018-01-31.xsd#us-gaap_AssetsCurrentAbstract" xlink:label="us-gaap_AssetsCurrentAbstract" />
        <presentationArc xlink:type="arc" order="1.19" preferredLabel="http://www.xbrl.org/2003/role/terseLabel" priority="2" use="optional" xlink:arcrole="http://www.xbrl.org/2003/arcrole/parent-child" xlink:from="us-gaap_StatementOfFinancialPositionAbstract" xlink:to="us-gaap_AssetsCurrentAbstract" />
        <loc xlink:type="locator" xlink:href="http://xbrl.fasb.org/us-gaap/2018/elts/us-gaap-2018-01-31.xsd#us-gaap_CashAndCashEquivalentsAtCarryingValue" xlink:label="us-gaap_CashAndCashEquivalentsAtCarryingValue" />
        <presentationArc xlink:type="arc" order="1.14" preferredLabel="http://www.xbrl.org/2003/role/terseLabel" priority="2" use="optional" xlink:arcrole="http://www.xbrl.org/2003/arcrole/parent-child" xlink:from="us-gaap_AssetsCurrentAbstract" xlink:to="us-gaap_CashAndCashEquivalentsAtCarryingValue" />
        <loc xlink:type="locator" xlink:href="http://xbrl.fasb.org/us-gaap/2018/elts/us-gaap-2018-01-31.xsd#us-gaap_AccountsNotesAndLoansReceivableNetCurrent" xlink:label="us-gaap_AccountsNotesAndLoansReceivableNetCurrent" />
        <presentationArc xlink:type="arc" order="1.15" preferredLabel="http://www.xbrl.org/2003/role/terseLabel" priority="2" use="optional" xlink:arcrole="http://www.xbrl.org/2003/arcrole/parent-child" xlink:from="us-gaap_AssetsCurrentAbstract" xlink:to="us-gaap_AccountsNotesAndLoansReceivableNetCurrent" />
        <loc xlink:type="locator" xlink:href="http://xbrl.fasb.org/us-gaap/2018/elts/us-gaap-2018-01-31.xsd#us-gaap_AirlineRelatedInventory" xlink:label="us-gaap_AirlineRelatedInventory" />
        <presentationArc xlink:type="arc" order="1.16" preferredLabel="http://www.xbrl.org/2003/role/terseLabel" priority="2" use="optional" xlink:arcrole="http://www.xbrl.org/2003/arcrole/parent-child" xlink:from="us-gaap_AssetsCurrentAbstract" xlink:to="us-gaap_AirlineRelatedInventory" />
        <loc xlink:type="locator" xlink:href="http://xbrl.fasb.org/us-gaap/2018/elts/us-gaap-2018-01-31.xsd#us-gaap_PrepaidExpenseAndOtherAssetsCurrent" xlink:label="us-gaap_PrepaidExpenseAndOtherAssetsCurrent" />
        <presentationArc xlink:type="arc" order="1.17" preferredLabel="http://www.xbrl.org/2003/role/terseLabel" priority="2" use="optional" xlink:arcrole="http://www.xbrl.org/2003/arcrole/parent-child" xlink:from="us-gaap_AssetsCurrentAbstract" xlink:to="us-gaap_PrepaidExpenseAndOtherAssetsCurrent" />
        <loc xlink:type="locator" xlink:href="http://xbrl.fasb.org/us-gaap/2018/elts/us-gaap-2018-01-31.xsd#us-gaap_AssetsCurrent" xlink:label="us-gaap_AssetsCurrent" />
        <presentationArc xlink:type="arc" order="1.18" preferredLabel="http://www.xbrl.org/2003/role/totalLabel" priority="2" use="optional" xlink:arcrole="http://www.xbrl.org/2003/arcrole/parent-child" xlink:from="us-gaap_AssetsCurrentAbstract" xlink:to="us-gaap_AssetsCurrent" />
        <loc xlink:type="locator" xlink:href="bst-20160930.xsd#bst_GoodwillAndIntangibleAssetsLessAccumulatedAmortization" xlink:label="bst_GoodwillAndIntangibleAssetsLessAccumulatedAmortization" />
        <presentationArc xlink:type="arc" order="1.2" preferredLabel="http://www.xbrl.org/2003/role/terseLabel" priority="2" use="optional" xlink:arcrole="http://www.xbrl.org/2003/arcrole/parent-child" xlink:from="us-gaap_StatementOfFinancialPositionAbstract" xlink:to="bst_GoodwillAndIntangibleAssetsLessAccumulatedAmortization" />
        <loc xlink:type="locator" xlink:href="http://xbrl.fasb.org/us-gaap/2018/elts/us-gaap-2018-01-31.xsd#us-gaap_DeferredTaxAssetsNetNoncurrent" xlink:label="us-gaap_DeferredTaxAssetsNetNoncurrent" />
        <presentationArc xlink:type="arc" order="1.21" preferredLabel="http://www.xbrl.org/2003/role/terseLabel" priority="2" use="optional" xlink:arcrole="http://www.xbrl.org/2003/arcrole/parent-child" xlink:from="us-gaap_StatementOfFinancialPositionAbstract" xlink:to="us-gaap_DeferredTaxAssetsNetNoncurrent" />
        <loc xlink:type="locator" xlink:href="http://xbrl.fasb.org/us-gaap/2018/elts/us-gaap-2018-01-31.xsd#us-gaap_OtherAssetsNoncurrent" xlink:label="us-gaap_OtherAssetsNoncurrent" />
        <presentationArc xlink:type="arc" order="1.22" preferredLabel="http://www.xbrl.org/2003/role/terseLabel" priority="2" use="optional" xlink:arcrole="http://www.xbrl.org/2003/arcrole/parent-child" xlink:from="us-gaap_StatementOfFinancialPositionAbstract" xlink:to="us-gaap_OtherAssetsNoncurrent" />
        <loc xlink:type="locator" xlink:href="http://xbrl.fasb.org/us-gaap/2018/elts/us-gaap-2018-01-31.xsd#us-gaap_PropertyPlantAndEquipmentNet" xlink:label="us-gaap_PropertyPlantAndEquipmentNet" />
        <presentationArc xlink:type="arc" order="1.23" preferredLabel="http://www.xbrl.org/2003/role/terseLabel" priority="2" use="optional" xlink:arcrole="http://www.xbrl.org/2003/arcrole/parent-child" xlink:from="us-gaap_StatementOfFinancialPositionAbstract" xlink:to="us-gaap_PropertyPlantAndEquipmentNet" />
        <loc xlink:type="locator" xlink:href="http://xbrl.fasb.org/us-gaap/2018/elts/us-gaap-2018-01-31.xsd#us-gaap_Assets" xlink:label="us-gaap_Assets" />
        <presentationArc xlink:type="arc" order="1.24" preferredLabel="http://www.xbrl.org/2003/role/totalLabel" priority="2" use="optional" xlink:arcrole="http://www.xbrl.org/2003/arcrole/parent-child" xlink:from="us-gaap_StatementOfFinancialPositionAbstract" xlink:to="us-gaap_Assets" />
        <loc xlink:type="locator" xlink:href="http://xbrl.fasb.org/us-gaap/2018/elts/us-gaap-2018-01-31.xsd#us-gaap_LiabilitiesCurrentAbstract" xlink:label="us-gaap_LiabilitiesCurrentAbstract" />
        <presentationArc xlink:type="arc" order="1.25" preferredLabel="http://www.xbrl.org/2003/role/terseLabel" priority="2" use="optional" xlink:arcrole="http://www.xbrl.org/2003/arcrole/parent-child" xlink:from="us-gaap_StatementOfFinancialPositionAbstract" xlink:to="us-gaap_LiabilitiesCurrentAbstract" />
        <loc xlink:type="locator" xlink:href="http://xbrl.fasb.org/us-gaap/2018/elts/us-gaap-2018-01-31.xsd#us-gaap_AccountsPayableCurrent" xlink:label="us-gaap_AccountsPayableCurrent" />
        <presentationArc xlink:type="arc" order="1.08" preferredLabel="http://www.xbrl.org/2003/role/terseLabel" priority="2" use="optional" xlink:arcrole="http://www.xbrl.org/2003/arcrole/parent-child" xlink:from="us-gaap_LiabilitiesCurrentAbstract" xlink:to="us-gaap_AccountsPayableCurrent" />
        <loc xlink:type="locator" xlink:href="http://xbrl.fasb.org/us-gaap/2018/elts/us-gaap-2018-01-31.xsd#us-gaap_SeniorNotesCurrent" xlink:label="us-gaap_SeniorNotesCurrent" />
        <presentationArc xlink:type="arc" order="1.09" preferredLabel="http://www.xbrl.org/2003/role/terseLabel" priority="2" use="optional" xlink:arcrole="http://www.xbrl.org/2003/arcrole/parent-child" xlink:from="us-gaap_LiabilitiesCurrentAbstract" xlink:to="us-gaap_SeniorNotesCurrent" />
        <loc xlink:type="locator" xlink:href="http://xbrl.fasb.org/us-gaap/2018/elts/us-gaap-2018-01-31.xsd#us-gaap_AccruedIncomeTaxesCurrent" xlink:label="us-gaap_AccruedIncomeTaxesCurrent" />
        <presentationArc xlink:type="arc" order="1.1" preferredLabel="http://www.xbrl.org/2003/role/terseLabel" priority="2" use="optional" xlink:arcrole="http://www.xbrl.org/2003/arcrole/parent-child" xlink:from="us-gaap_LiabilitiesCurrentAbstract" xlink:to="us-gaap_AccruedIncomeTaxesCurrent" />
        <loc xlink:type="locator" xlink:href="http://xbrl.fasb.org/us-gaap/2018/elts/us-gaap-2018-01-31.xsd#us-gaap_DividendsPayableCurrent" xlink:label="us-gaap_DividendsPayableCurrent" />
        <presentationArc xlink:type="arc" order="1.11" preferredLabel="http://www.xbrl.org/2003/role/terseLabel" priority="2" use="optional" xlink:arcrole="http://www.xbrl.org/2003/arcrole/parent-child" xlink:from="us-gaap_LiabilitiesCurrentAbstract" xlink:to="us-gaap_DividendsPayableCurrent" />
        <loc xlink:type="locator" xlink:href="http://xbrl.fasb.org/us-gaap/2018/elts/us-gaap-2018-01-31.xsd#us-gaap_OtherLiabilitiesCurrent" xlink:label="us-gaap_OtherLiabilitiesCurrent" />
        <presentationArc xlink:type="arc" order="1.12" preferredLabel="http://www.xbrl.org/2003/role/terseLabel" priority="2" use="optional" xlink:arcrole="http://www.xbrl.org/2003/arcrole/parent-child" xlink:from="us-gaap_LiabilitiesCurrentAbstract" xlink:to="us-gaap_OtherLiabilitiesCurrent" />
        <loc xlink:type="locator" xlink:href="http://xbrl.fasb.org/us-gaap/2018/elts/us-gaap-2018-01-31.xsd#us-gaap_LiabilitiesCurrent" xlink:label="us-gaap_LiabilitiesCurrent" />
        <presentationArc xlink:type="arc" order="1.13" preferredLabel="http://www.xbrl.org/2003/role/totalLabel" priority="2" use="optional" xlink:arcrole="http://www.xbrl.org/2003/arcrole/parent-child" xlink:from="us-gaap_LiabilitiesCurrentAbstract" xlink:to="us-gaap_LiabilitiesCurrent" />
        <loc xlink:type="locator" xlink:href="http://xbrl.fasb.org/us-gaap/2018/elts/us-gaap-2018-01-31.xsd#us-gaap_SeniorLongTermNotes" xlink:label="us-gaap_SeniorLongTermNotes" />
        <presentationArc xlink:type="arc" order="1.26" preferredLabel="http://www.xbrl.org/2003/role/terseLabel" priority="2" use="optional" xlink:arcrole="http://www.xbrl.org/2003/arcrole/parent-child" xlink:from="us-gaap_StatementOfFinancialPositionAbstract" xlink:to="us-gaap_SeniorLongTermNotes" />
        <loc xlink:type="locator" xlink:href="http://xbrl.fasb.org/us-gaap/2018/elts/us-gaap-2018-01-31.xsd#us-gaap_PensionAndOtherPostretirementDefinedBenefitPlansLiabilitiesNoncurrent" xlink:label="us-gaap_PensionAndOtherPostretirementDefinedBenefitPlansLiabilitiesNoncurrent" />
        <presentationArc xlink:type="arc" order="1.27" preferredLabel="http://www.xbrl.org/2003/role/terseLabel" priority="2" use="optional" xlink:arcrole="http://www.xbrl.org/2003/arcrole/parent-child" xlink:from="us-gaap_StatementOfFinancialPositionAbstract" xlink:to="us-gaap_PensionAndOtherPostretirementDefinedBenefitPlansLiabilitiesNoncurrent" />
        <loc xlink:type="locator" xlink:href="http://xbrl.fasb.org/us-gaap/2018/elts/us-gaap-2018-01-31.xsd#us-gaap_DeferredTaxLiabilitiesGrossNoncurrent" xlink:label="us-gaap_DeferredTaxLiabilitiesGrossNoncurrent" />
        <presentationArc xlink:type="arc" order="1.28" preferredLabel="http://www.xbrl.org/2003/role/terseLabel" priority="2" use="optional" xlink:arcrole="http://www.xbrl.org/2003/arcrole/parent-child" xlink:from="us-gaap_StatementOfFinancialPositionAbstract" xlink:to="us-gaap_DeferredTaxLiabilitiesGrossNoncurrent" />
        <loc xlink:type="locator" xlink:href="http://xbrl.fasb.org/us-gaap/2018/elts/us-gaap-2018-01-31.xsd#us-gaap_OtherLiabilitiesNoncurrent" xlink:label="us-gaap_OtherLiabilitiesNoncurrent" />
        <presentationArc xlink:type="arc" order="1.29" preferredLabel="http://www.xbrl.org/2003/role/terseLabel" priority="2" use="optional" xlink:arcrole="http://www.xbrl.org/2003/arcrole/parent-child" xlink:from="us-gaap_StatementOfFinancialPositionAbstract" xlink:to="us-gaap_OtherLiabilitiesNoncurrent" />
        <loc xlink:type="locator" xlink:href="http://xbrl.fasb.org/us-gaap/2018/elts/us-gaap-2018-01-31.xsd#us-gaap_StockholdersEquityIncludingPortionAttributableToNoncontrollingInterestAbstract" xlink:label="us-gaap_StockholdersEquityIncludingPortionAttributableToNoncontrollingInterestAbstract" />
        <presentationArc xlink:type="arc" order="1.3" preferredLabel="http://www.xbrl.org/2003/role/terseLabel" priority="2" use="optional" xlink:arcrole="http://www.xbrl.org/2003/arcrole/parent-child" xlink:from="us-gaap_StatementOfFinancialPositionAbstract" xlink:to="us-gaap_StockholdersEquityIncludingPortionAttributableToNoncontrollingInterestAbstract" />
        <loc xlink:type="locator" xlink:href="http://xbrl.fasb.org/us-gaap/2018/elts/us-gaap-2018-01-31.xsd#us-gaap_PreferredStockValue" xlink:label="us-gaap_PreferredStockValue" />
        <presentationArc xlink:type="arc" order="1.01" preferredLabel="http://www.xbrl.org/2003/role/terseLabel" priority="2" use="optional" xlink:arcrole="http://www.xbrl.org/2003/arcrole/parent-child" xlink:from="us-gaap_StockholdersEquityIncludingPortionAttributableToNoncontrollingInterestAbstract" xlink:to="us-gaap_PreferredStockValue" />
        <loc xlink:type="locator" xlink:href="http://xbrl.fasb.org/us-gaap/2018/elts/us-gaap-2018-01-31.xsd#us-gaap_CommonStockValue" xlink:label="us-gaap_CommonStockValue" />
        <presentationArc xlink:type="arc" order="1.02" preferredLabel="http://www.xbrl.org/2003/role/terseLabel" priority="2" use="optional" xlink:arcrole="http://www.xbrl.org/2003/arcrole/parent-child" xlink:from="us-gaap_StockholdersEquityIncludingPortionAttributableToNoncontrollingInterestAbstract" xlink:to="us-gaap_CommonStockValue" />
        <loc xlink:type="locator" xlink:href="http://xbrl.fasb.org/us-gaap/2018/elts/us-gaap-2018-01-31.xsd#us-gaap_RetainedEarningsAccumulatedDeficit" xlink:label="us-gaap_RetainedEarningsAccumulatedDeficit" />
        <presentationArc xlink:type="arc" order="1.03" preferredLabel="http://www.xbrl.org/2003/role/terseLabel" priority="2" use="optional" xlink:arcrole="http://www.xbrl.org/2003/arcrole/parent-child" xlink:from="us-gaap_StockholdersEquityIncludingPortionAttributableToNoncontrollingInterestAbstract" xlink:to="us-gaap_RetainedEarningsAccumulatedDeficit" />
        <loc xlink:type="locator" xlink:href="http://xbrl.fasb.org/us-gaap/2018/elts/us-gaap-2018-01-31.xsd#us-gaap_AccumulatedOtherComprehensiveIncomeLossNetOfTax" xlink:label="us-gaap_AccumulatedOtherComprehensiveIncomeLossNetOfTax" />
        <presentationArc xlink:type="arc" order="1.04" preferredLabel="http://www.xbrl.org/2003/role/terseLabel" priority="2" use="optional" xlink:arcrole="http://www.xbrl.org/2003/arcrole/parent-child" xlink:from="us-gaap_StockholdersEquityIncludingPortionAttributableToNoncontrollingInterestAbstract" xlink:to="us-gaap_AccumulatedOtherComprehensiveIncomeLossNetOfTax" />
        <loc xlink:type="locator" xlink:href="http://xbrl.fasb.org/us-gaap/2018/elts/us-gaap-2018-01-31.xsd#us-gaap_StockholdersEquity" xlink:label="us-gaap_StockholdersEquity" />
        <presentationArc xlink:type="arc" order="1.05" preferredLabel="http://www.xbrl.org/2003/role/totalLabel" priority="2" use="optional" xlink:arcrole="http://www.xbrl.org/2003/arcrole/parent-child" xlink:from="us-gaap_StockholdersEquityIncludingPortionAttributableToNoncontrollingInterestAbstract" xlink:to="us-gaap_StockholdersEquity" />
        <loc xlink:type="locator" xlink:href="http://xbrl.fasb.org/us-gaap/2018/elts/us-gaap-2018-01-31.xsd#us-gaap_MinorityInterest" xlink:label="us-gaap_MinorityInterest" />
        <presentationArc xlink:type="arc" order="1.06" preferredLabel="http://www.xbrl.org/2003/role/terseLabel" priority="2" use="optional" xlink:arcrole="http://www.xbrl.org/2003/arcrole/parent-child" xlink:from="us-gaap_StockholdersEquityIncludingPortionAttributableToNoncontrollingInterestAbstract" xlink:to="us-gaap_MinorityInterest" />
        <loc xlink:type="locator" xlink:href="http://xbrl.fasb.org/us-gaap/2018/elts/us-gaap-2018-01-31.xsd#us-gaap_StockholdersEquityIncludingPortionAttributableToNoncontrollingInterest" xlink:label="us-gaap_StockholdersEquityIncludingPortionAttributableToNoncontrollingInterest" />
        <presentationArc xlink:type="arc" order="1.07" preferredLabel="http://www.xbrl.org/2003/role/totalLabel" priority="2" use="optional" xlink:arcrole="http://www.xbrl.org/2003/arcrole/parent-child" xlink:from="us-gaap_StockholdersEquityIncludingPortionAttributableToNoncontrollingInterestAbstract" xlink:to="us-gaap_StockholdersEquityIncludingPortionAttributableToNoncontrollingInterest" />
        <loc xlink:type="locator" xlink:href="http://xbrl.fasb.org/us-gaap/2018/elts/us-gaap-2018-01-31.xsd#us-gaap_LiabilitiesAndStockholdersEquity" xlink:label="us-gaap_LiabilitiesAndStockholdersEquity" />
        <presentationArc xlink:type="arc" order="1.31" preferredLabel="http://www.xbrl.org/2003/role/totalLabel" priority="2" use="optional" xlink:arcrole="http://www.xbrl.org/2003/arcrole/parent-child" xlink:from="us-gaap_StatementOfFinancialPositionAbstract" xlink:to="us-gaap_LiabilitiesAndStockholdersEquity" />
    </presentationLink>
    <presentationLink xlink:type="extended" xlink:role="http://www.brightstar.com/taxonomy/role/StatementOfFinancialPositionClassifiedParenthetical">
        <loc xlink:type="locator" xlink:href="http://xbrl.fasb.org/us-gaap/2018/elts/us-gaap-2018-01-31.xsd#us-gaap_StatementOfFinancialPositionAbstract" xlink:label="us-gaap_StatementOfFinancialPositionAbstract" />
        <loc xlink:type="locator" xlink:href="http://xbrl.fasb.org/us-gaap/2018/elts/us-gaap-2018-01-31.xsd#us-gaap_AllowanceForDoubtfulAccountsReceivableCurrent" xlink:label="us-gaap_AllowanceForDoubtfulAccountsReceivableCurrent" />
        <presentationArc xlink:type="arc" order="1.01" preferredLabel="http://www.xbrl.org/2003/role/terseLabel" priority="2" use="optional" xlink:arcrole="http://www.xbrl.org/2003/arcrole/parent-child" xlink:from="us-gaap_StatementOfFinancialPositionAbstract" xlink:to="us-gaap_AllowanceForDoubtfulAccountsReceivableCurrent" />
        <loc xlink:type="locator" xlink:href="http://xbrl.fasb.org/us-gaap/2018/elts/us-gaap-2018-01-31.xsd#us-gaap_AccumulatedDepreciationDepletionAndAmortizationPropertyPlantAndEquipment" xlink:label="us-gaap_AccumulatedDepreciationDepletionAndAmortizationPropertyPlantAndEquipment" />
        <presentationArc xlink:type="arc" order="1.02" preferredLabel="http://www.xbrl.org/2003/role/terseLabel" priority="2" use="optional" xlink:arcrole="http://www.xbrl.org/2003/arcrole/parent-child" xlink:from="us-gaap_StatementOfFinancialPositionAbstract" xlink:to="us-gaap_AccumulatedDepreciationDepletionAndAmortizationPropertyPlantAndEquipment" />
        <loc xlink:type="locator" xlink:href="http://xbrl.fasb.org/us-gaap/2018/elts/us-gaap-2018-01-31.xsd#us-gaap_PreferredStockParOrStatedValuePerShare" xlink:label="us-gaap_PreferredStockParOrStatedValuePerShare" />
        <presentationArc xlink:type="arc" order="1.03" preferredLabel="http://www.xbrl.org/2003/role/terseLabel" priority="2" use="optional" xlink:arcrole="http://www.xbrl.org/2003/arcrole/parent-child" xlink:from="us-gaap_StatementOfFinancialPositionAbstract" xlink:to="us-gaap_PreferredStockParOrStatedValuePerShare" />
        <loc xlink:type="locator" xlink:href="http://xbrl.fasb.org/us-gaap/2018/elts/us-gaap-2018-01-31.xsd#us-gaap_PreferredStockSharesAuthorized" xlink:label="us-gaap_PreferredStockSharesAuthorized" />
        <presentationArc xlink:type="arc" order="1.04" preferredLabel="http://www.xbrl.org/2003/role/terseLabel" priority="2" use="optional" xlink:arcrole="http://www.xbrl.org/2003/arcrole/parent-child" xlink:from="us-gaap_StatementOfFinancialPositionAbstract" xlink:to="us-gaap_PreferredStockSharesAuthorized" />
        <loc xlink:type="locator" xlink:href="http://xbrl.fasb.org/us-gaap/2018/elts/us-gaap-2018-01-31.xsd#us-gaap_PreferredStockSharesIssued" xlink:label="us-gaap_PreferredStockSharesIssued" />
        <presentationArc xlink:type="arc" order="1.05" preferredLabel="http://www.xbrl.org/2003/role/terseLabel" priority="2" use="optional" xlink:arcrole="http://www.xbrl.org/2003/arcrole/parent-child" xlink:from="us-gaap_StatementOfFinancialPositionAbstract" xlink:to="us-gaap_PreferredStockSharesIssued" />
        <loc xlink:type="locator" xlink:href="http://xbrl.fasb.org/us-gaap/2018/elts/us-gaap-2018-01-31.xsd#us-gaap_CommonStockParOrStatedValuePerShare" xlink:label="us-gaap_CommonStockParOrStatedValuePerShare" />
        <presentationArc xlink:type="arc" order="1.06" preferredLabel="http://www.xbrl.org/2003/role/terseLabel" priority="2" use="optional" xlink:arcrole="http://www.xbrl.org/2003/arcrole/parent-child" xlink:from="us-gaap_StatementOfFinancialPositionAbstract" xlink:to="us-gaap_CommonStockParOrStatedValuePerShare" />
        <loc xlink:type="locator" xlink:href="http://xbrl.fasb.org/us-gaap/2018/elts/us-gaap-2018-01-31.xsd#us-gaap_CommonStockSharesAuthorized" xlink:label="us-gaap_CommonStockSharesAuthorized" />
        <presentationArc xlink:type="arc" order="1.07" preferredLabel="http://www.xbrl.org/2003/role/terseLabel" priority="2" use="optional" xlink:arcrole="http://www.xbrl.org/2003/arcrole/parent-child" xlink:from="us-gaap_StatementOfFinancialPositionAbstract" xlink:to="us-gaap_CommonStockSharesAuthorized" />
        <loc xlink:type="locator" xlink:href="http://xbrl.fasb.org/us-gaap/2018/elts/us-gaap-2018-01-31.xsd#us-gaap_CommonStockSharesIssued" xlink:label="us-gaap_CommonStockSharesIssued" />
        <presentationArc xlink:type="arc" order="1.08" preferredLabel="http://www.xbrl.org/2003/role/terseLabel" priority="2" use="optional" xlink:arcrole="http://www.xbrl.org/2003/arcrole/parent-child" xlink:from="us-gaap_StatementOfFinancialPositionAbstract" xlink:to="us-gaap_CommonStockSharesIssued" />
    </presentationLink>
    <presentationLink xlink:type="extended" xlink:role="http://www.brightstar.com/taxonomy/role/StatementOfIncome">
        <loc xlink:type="locator" xlink:href="http://xbrl.fasb.org/us-gaap/2018/elts/us-gaap-2018-01-31.xsd#us-gaap_IncomeStatementAbstract" xlink:label="us-gaap_IncomeStatementAbstract" />
        <loc xlink:type="locator" xlink:href="http://xbrl.fasb.org/us-gaap/2018/elts/us-gaap-2018-01-31.xsd#us-gaap_SalesRevenueNet" xlink:label="us-gaap_SalesRevenueNet" />
        <presentationArc xlink:type="arc" order="1.01" preferredLabel="http://www.xbrl.org/2003/role/terseLabel" priority="2" use="optional" xlink:arcrole="http://www.xbrl.org/2003/arcrole/parent-child" xlink:from="us-gaap_IncomeStatementAbstract" xlink:to="us-gaap_SalesRevenueNet" />
        <loc xlink:type="locator" xlink:href="http://xbrl.fasb.org/us-gaap/2018/elts/us-gaap-2018-01-31.xsd#us-gaap_CostOfGoodsSold" xlink:label="us-gaap_CostOfGoodsSold" />
        <presentationArc xlink:type="arc" order="1.02" preferredLabel="http://www.xbrl.org/2003/role/terseLabel" priority="2" use="optional" xlink:arcrole="http://www.xbrl.org/2003/arcrole/parent-child" xlink:from="us-gaap_IncomeStatementAbstract" xlink:to="us-gaap_CostOfGoodsSold" />
        <loc xlink:type="locator" xlink:href="http://xbrl.fasb.org/us-gaap/2018/elts/us-gaap-2018-01-31.xsd#us-gaap_GrossProfit" xlink:label="us-gaap_GrossProfit" />
        <presentationArc xlink:type="arc" order="1.03" preferredLabel="http://www.xbrl.org/2003/role/totalLabel" priority="2" use="optional" xlink:arcrole="http://www.xbrl.org/2003/arcrole/parent-child" xlink:from="us-gaap_IncomeStatementAbstract" xlink:to="us-gaap_GrossProfit" />
        <loc xlink:type="locator" xlink:href="http://xbrl.fasb.org/us-gaap/2018/elts/us-gaap-2018-01-31.xsd#us-gaap_OperatingExpensesAbstract" xlink:label="us-gaap_OperatingExpensesAbstract" />
        <presentationArc xlink:type="arc" order="1.04" preferredLabel="http://www.xbrl.org/2003/role/terseLabel" priority="2" use="optional" xlink:arcrole="http://www.xbrl.org/2003/arcrole/parent-child" xlink:from="us-gaap_IncomeStatementAbstract" xlink:to="us-gaap_OperatingExpensesAbstract" />
        <loc xlink:type="locator" xlink:href="http://xbrl.fasb.org/us-gaap/2018/elts/us-gaap-2018-01-31.xsd#us-gaap_SellingGeneralAndAdministrativeExpense" xlink:label="us-gaap_SellingGeneralAndAdministrativeExpense" />
        <presentationArc xlink:type="arc" order="1.15" preferredLabel="http://www.xbrl.org/2003/role/terseLabel" priority="2" use="optional" xlink:arcrole="http://www.xbrl.org/2003/arcrole/parent-child" xlink:from="us-gaap_OperatingExpensesAbstract" xlink:to="us-gaap_SellingGeneralAndAdministrativeExpense" />
        <loc xlink:type="locator" xlink:href="http://xbrl.fasb.org/us-gaap/2018/elts/us-gaap-2018-01-31.xsd#us-gaap_DepreciationAndAmortization" xlink:label="us-gaap_DepreciationAndAmortization" />
        <presentationArc xlink:type="arc" order="1.16" preferredLabel="http://www.xbrl.org/2003/role/terseLabel" priority="2" use="optional" xlink:arcrole="http://www.xbrl.org/2003/arcrole/parent-child" xlink:from="us-gaap_OperatingExpensesAbstract" xlink:to="us-gaap_DepreciationAndAmortization" />
        <loc xlink:type="locator" xlink:href="http://xbrl.fasb.org/us-gaap/2018/elts/us-gaap-2018-01-31.xsd#us-gaap_OperatingExpenses" xlink:label="us-gaap_OperatingExpenses" />
        <presentationArc xlink:type="arc" order="1.17" preferredLabel="http://www.xbrl.org/2003/role/totalLabel" priority="2" use="optional" xlink:arcrole="http://www.xbrl.org/2003/arcrole/parent-child" xlink:from="us-gaap_OperatingExpensesAbstract" xlink:to="us-gaap_OperatingExpenses" />
        <loc xlink:type="locator" xlink:href="http://xbrl.fasb.org/us-gaap/2018/elts/us-gaap-2018-01-31.xsd#us-gaap_IncomeLossFromContinuingOperationsBeforeIncomeTaxesExtraordinaryItemsNoncontrollingInterest" xlink:label="us-gaap_IncomeLossFromContinuingOperationsBeforeIncomeTaxesExtraordinaryItemsNoncontrollingInterest" />
        <presentationArc xlink:type="arc" order="1.05" preferredLabel="http://www.xbrl.org/2003/role/totalLabel" priority="2" use="optional" xlink:arcrole="http://www.xbrl.org/2003/arcrole/parent-child" xlink:from="us-gaap_IncomeStatementAbstract" xlink:to="us-gaap_IncomeLossFromContinuingOperationsBeforeIncomeTaxesExtraordinaryItemsNoncontrollingInterest" />
        <loc xlink:type="locator" xlink:href="http://xbrl.fasb.org/us-gaap/2018/elts/us-gaap-2018-01-31.xsd#us-gaap_CurrentIncomeTaxExpenseBenefit" xlink:label="us-gaap_CurrentIncomeTaxExpenseBenefit" />
        <presentationArc xlink:type="arc" order="1.06" preferredLabel="http://www.xbrl.org/2003/role/terseLabel" priority="2" use="optional" xlink:arcrole="http://www.xbrl.org/2003/arcrole/parent-child" xlink:from="us-gaap_IncomeStatementAbstract" xlink:to="us-gaap_CurrentIncomeTaxExpenseBenefit" />
        <loc xlink:type="locator" xlink:href="http://xbrl.fasb.org/us-gaap/2018/elts/us-gaap-2018-01-31.xsd#us-gaap_ProfitLoss" xlink:label="us-gaap_ProfitLoss" />
        <presentationArc xlink:type="arc" order="1.07" preferredLabel="http://www.xbrl.org/2003/role/totalLabel" priority="2" use="optional" xlink:arcrole="http://www.xbrl.org/2003/arcrole/parent-child" xlink:from="us-gaap_IncomeStatementAbstract" xlink:to="us-gaap_ProfitLoss" />
        <loc xlink:type="locator" xlink:href="http://xbrl.fasb.org/us-gaap/2018/elts/us-gaap-2018-01-31.xsd#us-gaap_EarningsPerShareBasic" xlink:label="us-gaap_EarningsPerShareBasic" />
        <presentationArc xlink:type="arc" order="1.08" preferredLabel="http://www.xbrl.org/2003/role/terseLabel" priority="2" use="optional" xlink:arcrole="http://www.xbrl.org/2003/arcrole/parent-child" xlink:from="us-gaap_IncomeStatementAbstract" xlink:to="us-gaap_EarningsPerShareBasic" />
        <loc xlink:type="locator" xlink:href="http://xbrl.fasb.org/us-gaap/2018/elts/us-gaap-2018-01-31.xsd#us-gaap_EarningsPerShareDiluted" xlink:label="us-gaap_EarningsPerShareDiluted" />
        <presentationArc xlink:type="arc" order="1.09" preferredLabel="http://www.xbrl.org/2003/role/terseLabel" priority="2" use="optional" xlink:arcrole="http://www.xbrl.org/2003/arcrole/parent-child" xlink:from="us-gaap_IncomeStatementAbstract" xlink:to="us-gaap_EarningsPerShareDiluted" />
        <loc xlink:type="locator" xlink:href="http://xbrl.fasb.org/us-gaap/2018/elts/us-gaap-2018-01-31.xsd#us-gaap_CommonStockDividendsPerShareDeclared" xlink:label="us-gaap_CommonStockDividendsPerShareDeclared" />
        <presentationArc xlink:type="arc" order="1.1" preferredLabel="http://www.xbrl.org/2003/role/terseLabel" priority="2" use="optional" xlink:arcrole="http://www.xbrl.org/2003/arcrole/parent-child" xlink:from="us-gaap_IncomeStatementAbstract" xlink:to="us-gaap_CommonStockDividendsPerShareDeclared" />
        <loc xlink:type="locator" xlink:href="http://xbrl.fasb.org/us-gaap/2018/elts/us-gaap-2018-01-31.xsd#us-gaap_WeightedAverageNumberOfSharesOutstandingBasic" xlink:label="us-gaap_WeightedAverageNumberOfSharesOutstandingBasic" />
        <presentationArc xlink:type="arc" order="1.11" preferredLabel="http://www.xbrl.org/2003/role/terseLabel" priority="2" use="optional" xlink:arcrole="http://www.xbrl.org/2003/arcrole/parent-child" xlink:from="us-gaap_IncomeStatementAbstract" xlink:to="us-gaap_WeightedAverageNumberOfSharesOutstandingBasic" />
        <loc xlink:type="locator" xlink:href="http://xbrl.fasb.org/us-gaap/2018/elts/us-gaap-2018-01-31.xsd#us-gaap_WeightedAverageNumberDilutedSharesOutstandingAdjustment" xlink:label="us-gaap_WeightedAverageNumberDilutedSharesOutstandingAdjustment" />
        <presentationArc xlink:type="arc" order="1.12" preferredLabel="http://www.xbrl.org/2003/role/terseLabel" priority="2" use="optional" xlink:arcrole="http://www.xbrl.org/2003/arcrole/parent-child" xlink:from="us-gaap_IncomeStatementAbstract" xlink:to="us-gaap_WeightedAverageNumberDilutedSharesOutstandingAdjustment" />
        <loc xlink:type="locator" xlink:href="http://xbrl.fasb.org/us-gaap/2018/elts/us-gaap-2018-01-31.xsd#us-gaap_WeightedAverageNumberOfDilutedSharesOutstanding" xlink:label="us-gaap_WeightedAverageNumberOfDilutedSharesOutstanding" />
        <presentationArc xlink:type="arc" order="1.13" preferredLabel="http://www.xbrl.org/2003/role/totalLabel" priority="2" use="optional" xlink:arcrole="http://www.xbrl.org/2003/arcrole/parent-child" xlink:from="us-gaap_IncomeStatementAbstract" xlink:to="us-gaap_WeightedAverageNumberOfDilutedSharesOutstanding" />
        <loc xlink:type="locator" xlink:href="http://xbrl.fasb.org/us-gaap/2018/elts/us-gaap-2018-01-31.xsd#us-gaap_ComprehensiveIncomeNetOfTaxIncludingPortionAttributableToNoncontrollingInterest" xlink:label="us-gaap_ComprehensiveIncomeNetOfTaxIncludingPortionAttributableToNoncontrollingInterest" />
        <presentationArc xlink:type="arc" order="1.14" preferredLabel="http://www.xbrl.org/2003/role/terseLabel" priority="2" use="optional" xlink:arcrole="http://www.xbrl.org/2003/arcrole/parent-child" xlink:from="us-gaap_IncomeStatementAbstract" xlink:to="us-gaap_ComprehensiveIncomeNetOfTaxIncludingPortionAttributableToNoncontrollingInterest" />
    </presentationLink>
    <presentationLink xlink:type="extended" xlink:role="http://www.brightstar.com/taxonomy/role/StatementOfCashFlowsIndirect">
        <loc xlink:type="locator" xlink:href="http://xbrl.fasb.org/us-gaap/2018/elts/us-gaap-2018-01-31.xsd#us-gaap_StatementOfCashFlowsAbstract" xlink:label="us-gaap_StatementOfCashFlowsAbstract" />
        <loc xlink:type="locator" xlink:href="http://xbrl.fasb.org/us-gaap/2018/elts/us-gaap-2018-01-31.xsd#us-gaap_NetCashProvidedByUsedInOperatingActivitiesAbstract" xlink:label="us-gaap_NetCashProvidedByUsedInOperatingActivitiesAbstract" />
        <presentationArc xlink:type="arc" order="1.19" preferredLabel="http://www.xbrl.org/2003/role/terseLabel" priority="2" use="optional" xlink:arcrole="http://www.xbrl.org/2003/arcrole/parent-child" xlink:from="us-gaap_StatementOfCashFlowsAbstract" xlink:to="us-gaap_NetCashProvidedByUsedInOperatingActivitiesAbstract" />
        <loc xlink:type="locator" xlink:href="http://xbrl.fasb.org/us-gaap/2018/elts/us-gaap-2018-01-31.xsd#us-gaap_ProfitLoss" xlink:label="us-gaap_ProfitLoss" />
        <presentationArc xlink:type="arc" order="1.01" preferredLabel="http://www.xbrl.org/2003/role/terseLabel" priority="2" use="optional" xlink:arcrole="http://www.xbrl.org/2003/arcrole/parent-child" xlink:from="us-gaap_NetCashProvidedByUsedInOperatingActivitiesAbstract" xlink:to="us-gaap_ProfitLoss" />
        <loc xlink:type="locator" xlink:href="http://xbrl.fasb.org/us-gaap/2018/elts/us-gaap-2018-01-31.xsd#us-gaap_AdjustmentsToReconcileNetIncomeLossToCashProvidedByUsedInOperatingActivitiesAbstract" xlink:label="us-gaap_AdjustmentsToReconcileNetIncomeLossToCashProvidedByUsedInOperatingActivitiesAbstract" />
        <presentationArc xlink:type="arc" order="1.02" preferredLabel="http://www.xbrl.org/2003/role/terseLabel" priority="2" use="optional" xlink:arcrole="http://www.xbrl.org/2003/arcrole/parent-child" xlink:from="us-gaap_NetCashProvidedByUsedInOperatingActivitiesAbstract" xlink:to="us-gaap_AdjustmentsToReconcileNetIncomeLossToCashProvidedByUsedInOperatingActivitiesAbstract" />
        <loc xlink:type="locator" xlink:href="http://xbrl.fasb.org/us-gaap/2018/elts/us-gaap-2018-01-31.xsd#us-gaap_DepreciationAndAmortization" xlink:label="us-gaap_DepreciationAndAmortization" />
        <presentationArc xlink:type="arc" order="1.04" preferredLabel="http://www.xbrl.org/2003/role/terseLabel" priority="2" use="optional" xlink:arcrole="http://www.xbrl.org/2003/arcrole/parent-child" xlink:from="us-gaap_AdjustmentsToReconcileNetIncomeLossToCashProvidedByUsedInOperatingActivitiesAbstract" xlink:to="us-gaap_DepreciationAndAmortization" />
        <loc xlink:type="locator" xlink:href="http://xbrl.fasb.org/us-gaap/2018/elts/us-gaap-2018-01-31.xsd#us-gaap_ShareBasedCompensation" xlink:label="us-gaap_ShareBasedCompensation" />
        <presentationArc xlink:type="arc" order="1.05" preferredLabel="http://www.xbrl.org/2003/role/terseLabel" priority="2" use="optional" xlink:arcrole="http://www.xbrl.org/2003/arcrole/parent-child" xlink:from="us-gaap_AdjustmentsToReconcileNetIncomeLossToCashProvidedByUsedInOperatingActivitiesAbstract" xlink:to="us-gaap_ShareBasedCompensation" />
        <loc xlink:type="locator" xlink:href="http://xbrl.fasb.org/us-gaap/2018/elts/us-gaap-2018-01-31.xsd#us-gaap_ExcessTaxBenefitFromShareBasedCompensationOperatingActivities" xlink:label="us-gaap_ExcessTaxBenefitFromShareBasedCompensationOperatingActivities" />
        <presentationArc xlink:type="arc" order="1.06" preferredLabel="http://www.xbrl.org/2009/role/negatedLabel" priority="2" use="optional" xlink:arcrole="http://www.xbrl.org/2003/arcrole/parent-child" xlink:from="us-gaap_AdjustmentsToReconcileNetIncomeLossToCashProvidedByUsedInOperatingActivitiesAbstract" xlink:to="us-gaap_ExcessTaxBenefitFromShareBasedCompensationOperatingActivities" />
        <loc xlink:type="locator" xlink:href="http://xbrl.fasb.org/us-gaap/2018/elts/us-gaap-2018-01-31.xsd#us-gaap_IncreaseDecreaseInOtherOperatingCapitalNet" xlink:label="us-gaap_IncreaseDecreaseInOtherOperatingCapitalNet" />
        <presentationArc xlink:type="arc" order="1.07" preferredLabel="http://www.xbrl.org/2009/role/negatedLabel" priority="2" use="optional" xlink:arcrole="http://www.xbrl.org/2003/arcrole/parent-child" xlink:from="us-gaap_AdjustmentsToReconcileNetIncomeLossToCashProvidedByUsedInOperatingActivitiesAbstract" xlink:to="us-gaap_IncreaseDecreaseInOtherOperatingCapitalNet" />
        <loc xlink:type="locator" xlink:href="http://xbrl.fasb.org/us-gaap/2018/elts/us-gaap-2018-01-31.xsd#us-gaap_IncreaseDecreaseInOperatingCapital" xlink:label="us-gaap_IncreaseDecreaseInOperatingCapital" />
        <presentationArc xlink:type="arc" order="1.08" preferredLabel="http://www.xbrl.org/2009/role/negatedLabel" priority="2" use="optional" xlink:arcrole="http://www.xbrl.org/2003/arcrole/parent-child" xlink:from="us-gaap_AdjustmentsToReconcileNetIncomeLossToCashProvidedByUsedInOperatingActivitiesAbstract" xlink:to="us-gaap_IncreaseDecreaseInOperatingCapital" />
        <loc xlink:type="locator" xlink:href="http://xbrl.fasb.org/us-gaap/2018/elts/us-gaap-2018-01-31.xsd#us-gaap_NetCashProvidedByUsedInOperatingActivities" xlink:label="us-gaap_NetCashProvidedByUsedInOperatingActivities" />
        <presentationArc xlink:type="arc" order="1.03" preferredLabel="http://www.xbrl.org/2003/role/totalLabel" priority="2" use="optional" xlink:arcrole="http://www.xbrl.org/2003/arcrole/parent-child" xlink:from="us-gaap_NetCashProvidedByUsedInOperatingActivitiesAbstract" xlink:to="us-gaap_NetCashProvidedByUsedInOperatingActivities" />
        <loc xlink:type="locator" xlink:href="http://xbrl.fasb.org/us-gaap/2018/elts/us-gaap-2018-01-31.xsd#us-gaap_NetCashProvidedByUsedInInvestingActivitiesAbstract" xlink:label="us-gaap_NetCashProvidedByUsedInInvestingActivitiesAbstract" />
        <presentationArc xlink:type="arc" order="1.2" preferredLabel="http://www.xbrl.org/2003/role/terseLabel" priority="2" use="optional" xlink:arcrole="http://www.xbrl.org/2003/arcrole/parent-child" xlink:from="us-gaap_StatementOfCashFlowsAbstract" xlink:to="us-gaap_NetCashProvidedByUsedInInvestingActivitiesAbstract" />
        <loc xlink:type="locator" xlink:href="http://xbrl.fasb.org/us-gaap/2018/elts/us-gaap-2018-01-31.xsd#us-gaap_PaymentsToAcquirePropertyPlantAndEquipment" xlink:label="us-gaap_PaymentsToAcquirePropertyPlantAndEquipment" />
        <presentationArc xlink:type="arc" order="1.09" preferredLabel="http://www.xbrl.org/2009/role/negatedLabel" priority="2" use="optional" xlink:arcrole="http://www.xbrl.org/2003/arcrole/parent-child" xlink:from="us-gaap_NetCashProvidedByUsedInInvestingActivitiesAbstract" xlink:to="us-gaap_PaymentsToAcquirePropertyPlantAndEquipment" />
        <loc xlink:type="locator" xlink:href="bst-20160930.xsd#bst_PaymentsToAcquireBusinessesNetOfCashAcquiredAndEquityMethodInvestments" xlink:label="bst_PaymentsToAcquireBusinessesNetOfCashAcquiredAndEquityMethodInvestments" />
        <presentationArc xlink:type="arc" order="1.1" preferredLabel="http://www.xbrl.org/2009/role/negatedLabel" priority="2" use="optional" xlink:arcrole="http://www.xbrl.org/2003/arcrole/parent-child" xlink:from="us-gaap_NetCashProvidedByUsedInInvestingActivitiesAbstract" xlink:to="bst_PaymentsToAcquireBusinessesNetOfCashAcquiredAndEquityMethodInvestments" />
        <loc xlink:type="locator" xlink:href="http://xbrl.fasb.org/us-gaap/2018/elts/us-gaap-2018-01-31.xsd#us-gaap_NetCashProvidedByUsedInInvestingActivities" xlink:label="us-gaap_NetCashProvidedByUsedInInvestingActivities" />
        <presentationArc xlink:type="arc" order="1.11" preferredLabel="http://www.xbrl.org/2003/role/totalLabel" priority="2" use="optional" xlink:arcrole="http://www.xbrl.org/2003/arcrole/parent-child" xlink:from="us-gaap_NetCashProvidedByUsedInInvestingActivitiesAbstract" xlink:to="us-gaap_NetCashProvidedByUsedInInvestingActivities" />
        <loc xlink:type="locator" xlink:href="http://xbrl.fasb.org/us-gaap/2018/elts/us-gaap-2018-01-31.xsd#us-gaap_NetCashProvidedByUsedInFinancingActivitiesAbstract" xlink:label="us-gaap_NetCashProvidedByUsedInFinancingActivitiesAbstract" />
        <presentationArc xlink:type="arc" order="1.21" preferredLabel="http://www.xbrl.org/2003/role/terseLabel" priority="2" use="optional" xlink:arcrole="http://www.xbrl.org/2003/arcrole/parent-child" xlink:from="us-gaap_StatementOfCashFlowsAbstract" xlink:to="us-gaap_NetCashProvidedByUsedInFinancingActivitiesAbstract" />
        <loc xlink:type="locator" xlink:href="http://xbrl.fasb.org/us-gaap/2018/elts/us-gaap-2018-01-31.xsd#us-gaap_ProceedsFromLongTermLinesOfCredit" xlink:label="us-gaap_ProceedsFromLongTermLinesOfCredit" />
        <presentationArc xlink:type="arc" order="1.12" preferredLabel="http://www.xbrl.org/2003/role/terseLabel" priority="2" use="optional" xlink:arcrole="http://www.xbrl.org/2003/arcrole/parent-child" xlink:from="us-gaap_NetCashProvidedByUsedInFinancingActivitiesAbstract" xlink:to="us-gaap_ProceedsFromLongTermLinesOfCredit" />
        <loc xlink:type="locator" xlink:href="http://xbrl.fasb.org/us-gaap/2018/elts/us-gaap-2018-01-31.xsd#us-gaap_RepaymentsOfLongTermLinesOfCredit" xlink:label="us-gaap_RepaymentsOfLongTermLinesOfCredit" />
        <presentationArc xlink:type="arc" order="1.13" preferredLabel="http://www.xbrl.org/2009/role/negatedLabel" priority="2" use="optional" xlink:arcrole="http://www.xbrl.org/2003/arcrole/parent-child" xlink:from="us-gaap_NetCashProvidedByUsedInFinancingActivitiesAbstract" xlink:to="us-gaap_RepaymentsOfLongTermLinesOfCredit" />
        <loc xlink:type="locator" xlink:href="bst-20160930.xsd#bst_PaymentsForShareBasedAwardsExercisedNetOfTaxesPaid" xlink:label="bst_PaymentsForShareBasedAwardsExercisedNetOfTaxesPaid" />
        <presentationArc xlink:type="arc" order="1.14" preferredLabel="http://www.xbrl.org/2009/role/negatedLabel" priority="2" use="optional" xlink:arcrole="http://www.xbrl.org/2003/arcrole/parent-child" xlink:from="us-gaap_NetCashProvidedByUsedInFinancingActivitiesAbstract" xlink:to="bst_PaymentsForShareBasedAwardsExercisedNetOfTaxesPaid" />
        <loc xlink:type="locator" xlink:href="http://xbrl.fasb.org/us-gaap/2018/elts/us-gaap-2018-01-31.xsd#us-gaap_ExcessTaxBenefitFromShareBasedCompensationFinancingActivities" xlink:label="us-gaap_ExcessTaxBenefitFromShareBasedCompensationFinancingActivities" />
        <presentationArc xlink:type="arc" order="1.15" preferredLabel="http://www.xbrl.org/2003/role/terseLabel" priority="2" use="optional" xlink:arcrole="http://www.xbrl.org/2003/arcrole/parent-child" xlink:from="us-gaap_NetCashProvidedByUsedInFinancingActivitiesAbstract" xlink:to="us-gaap_ExcessTaxBenefitFromShareBasedCompensationFinancingActivities" />
        <loc xlink:type="locator" xlink:href="http://xbrl.fasb.org/us-gaap/2018/elts/us-gaap-2018-01-31.xsd#us-gaap_PaymentsOfDividends" xlink:label="us-gaap_PaymentsOfDividends" />
        <presentationArc xlink:type="arc" order="1.16" preferredLabel="http://www.xbrl.org/2009/role/negatedLabel" priority="2" use="optional" xlink:arcrole="http://www.xbrl.org/2003/arcrole/parent-child" xlink:from="us-gaap_NetCashProvidedByUsedInFinancingActivitiesAbstract" xlink:to="us-gaap_PaymentsOfDividends" />
        <loc xlink:type="locator" xlink:href="http://xbrl.fasb.org/us-gaap/2018/elts/us-gaap-2018-01-31.xsd#us-gaap_PaymentsForRepurchaseOfCommonStock" xlink:label="us-gaap_PaymentsForRepurchaseOfCommonStock" />
        <presentationArc xlink:type="arc" order="1.17" preferredLabel="http://www.xbrl.org/2009/role/negatedLabel" priority="2" use="optional" xlink:arcrole="http://www.xbrl.org/2003/arcrole/parent-child" xlink:from="us-gaap_NetCashProvidedByUsedInFinancingActivitiesAbstract" xlink:to="us-gaap_PaymentsForRepurchaseOfCommonStock" />
        <loc xlink:type="locator" xlink:href="http://xbrl.fasb.org/us-gaap/2018/elts/us-gaap-2018-01-31.xsd#us-gaap_NetCashProvidedByUsedInFinancingActivities" xlink:label="us-gaap_NetCashProvidedByUsedInFinancingActivities" />
        <presentationArc xlink:type="arc" order="1.18" preferredLabel="http://www.xbrl.org/2003/role/totalLabel" priority="2" use="optional" xlink:arcrole="http://www.xbrl.org/2003/arcrole/parent-child" xlink:from="us-gaap_NetCashProvidedByUsedInFinancingActivitiesAbstract" xlink:to="us-gaap_NetCashProvidedByUsedInFinancingActivities" />
        <loc xlink:type="locator" xlink:href="http://xbrl.fasb.org/us-gaap/2018/elts/us-gaap-2018-01-31.xsd#us-gaap_EffectOfExchangeRateOnCashAndCashEquivalents" xlink:label="us-gaap_EffectOfExchangeRateOnCashAndCashEquivalents" />
        <presentationArc xlink:type="arc" order="1.22" preferredLabel="http://www.xbrl.org/2003/role/terseLabel" priority="2" use="optional" xlink:arcrole="http://www.xbrl.org/2003/arcrole/parent-child" xlink:from="us-gaap_StatementOfCashFlowsAbstract" xlink:to="us-gaap_EffectOfExchangeRateOnCashAndCashEquivalents" />
        <loc xlink:type="locator" xlink:href="http://xbrl.fasb.org/us-gaap/2018/elts/us-gaap-2018-01-31.xsd#us-gaap_CashAndCashEquivalentsPeriodIncreaseDecrease" xlink:label="us-gaap_CashAndCashEquivalentsPeriodIncreaseDecrease" />
        <presentationArc xlink:type="arc" order="1.23" preferredLabel="http://www.xbrl.org/2003/role/totalLabel" priority="2" use="optional" xlink:arcrole="http://www.xbrl.org/2003/arcrole/parent-child" xlink:from="us-gaap_StatementOfCashFlowsAbstract" xlink:to="us-gaap_CashAndCashEquivalentsPeriodIncreaseDecrease" />
        <loc xlink:type="locator" xlink:href="http://xbrl.fasb.org/us-gaap/2018/elts/us-gaap-2018-01-31.xsd#us-gaap_CashAndCashEquivalentsAtCarryingValue" xlink:label="us-gaap_CashAndCashEquivalentsAtCarryingValue" />
        <presentationArc xlink:type="arc" order="1.24" preferredLabel="http://www.xbrl.org/2003/role/periodStartLabel" priority="2" use="optional" xlink:arcrole="http://www.xbrl.org/2003/arcrole/parent-child" xlink:from="us-gaap_StatementOfCashFlowsAbstract" xlink:to="us-gaap_CashAndCashEquivalentsAtCarryingValue" />
        <loc xlink:type="locator" xlink:href="http://xbrl.fasb.org/us-gaap/2018/elts/us-gaap-2018-01-31.xsd#us-gaap_CashAndCashEquivalentsAtCarryingValue" xlink:label="us-gaap_CashAndCashEquivalentsAtCarryingValue_2" />
        <presentationArc xlink:type="arc" order="1.25" preferredLabel="http://www.xbrl.org/2003/role/periodEndLabel" priority="2" use="optional" xlink:arcrole="http://www.xbrl.org/2003/arcrole/parent-child" xlink:from="us-gaap_StatementOfCashFlowsAbstract" xlink:to="us-gaap_CashAndCashEquivalentsAtCarryingValue_2" />
    </presentationLink>
    <presentationLink xlink:type="extended" xlink:role="http://www.brightstar.com/taxonomy/role/DisclosureSegmentInformationSummaryOfSegmentInformation">
        <loc xlink:type="locator" xlink:href="http://xbrl.fasb.org/us-gaap/2018/elts/us-gaap-2018-01-31.xsd#us-gaap_SegmentReportingAbstract" xlink:label="us-gaap_SegmentReportingAbstract" />
        <loc xlink:type="locator" xlink:href="http://xbrl.fasb.org/us-gaap/2018/elts/us-gaap-2018-01-31.xsd#us-gaap_ScheduleOfSegmentReportingInformationBySegmentTable" xlink:label="us-gaap_ScheduleOfSegmentReportingInformationBySegmentTable" />
        <presentationArc xlink:type="arc" order="1.0" preferredLabel="http://www.xbrl.org/2003/role/terseLabel" priority="2" use="optional" xlink:arcrole="http://www.xbrl.org/2003/arcrole/parent-child" xlink:from="us-gaap_SegmentReportingAbstract" xlink:to="us-gaap_ScheduleOfSegmentReportingInformationBySegmentTable" />
        <loc xlink:type="locator" xlink:href="http://xbrl.fasb.org/us-gaap/2018/elts/us-gaap-2018-01-31.xsd#us-gaap_StatementBusinessSegmentsAxis" xlink:label="us-gaap_StatementBusinessSegmentsAxis" />
        <presentationArc xlink:type="arc" order="10.0" preferredLabel="http://www.xbrl.org/2003/role/terseLabel" priority="2" use="optional" xlink:arcrole="http://www.xbrl.org/2003/arcrole/parent-child" xlink:from="us-gaap_ScheduleOfSegmentReportingInformationBySegmentTable" xlink:to="us-gaap_StatementBusinessSegmentsAxis" />
        <loc xlink:type="locator" xlink:href="http://xbrl.fasb.org/us-gaap/2018/elts/us-gaap-2018-01-31.xsd#us-gaap_SegmentDomain" xlink:label="us-gaap_SegmentDomain" />
        <presentationArc xlink:type="arc" order="1.0" preferredLabel="http://www.xbrl.org/2003/role/terseLabel" priority="2" use="optional" xlink:arcrole="http://www.xbrl.org/2003/arcrole/parent-child" xlink:from="us-gaap_StatementBusinessSegmentsAxis" xlink:to="us-gaap_SegmentDomain" />
        <loc xlink:type="locator" xlink:href="http://xbrl.fasb.org/us-gaap/2018/elts/us-gaap-2018-01-31.xsd#us-gaap_MainlineMember" xlink:label="us-gaap_MainlineMember" />
        <presentationArc xlink:type="arc" order="1.08" preferredLabel="http://www.xbrl.org/2003/role/terseLabel" priority="2" use="optional" xlink:arcrole="http://www.xbrl.org/2003/arcrole/parent-child" xlink:from="us-gaap_SegmentDomain" xlink:to="us-gaap_MainlineMember" />
        <loc xlink:type="locator" xlink:href="http://xbrl.fasb.org/us-gaap/2018/elts/us-gaap-2018-01-31.xsd#us-gaap_RegionalCarrierMember" xlink:label="us-gaap_RegionalCarrierMember" />
        <presentationArc xlink:type="arc" order="1.09" preferredLabel="http://www.xbrl.org/2003/role/terseLabel" priority="2" use="optional" xlink:arcrole="http://www.xbrl.org/2003/arcrole/parent-child" xlink:from="us-gaap_SegmentDomain" xlink:to="us-gaap_RegionalCarrierMember" />
        <loc xlink:type="locator" xlink:href="bst-20160930.xsd#bst_CargoMember" xlink:label="bst_CargoMember" />
        <presentationArc xlink:type="arc" order="1.1" preferredLabel="http://www.xbrl.org/2003/role/terseLabel" priority="2" use="optional" xlink:arcrole="http://www.xbrl.org/2003/arcrole/parent-child" xlink:from="us-gaap_SegmentDomain" xlink:to="bst_CargoMember" />
        <loc xlink:type="locator" xlink:href="bst-20160930.xsd#bst_HeavyEquipmentMember" xlink:label="bst_HeavyEquipmentMember" />
        <presentationArc xlink:type="arc" order="1.11" preferredLabel="http://www.xbrl.org/2003/role/terseLabel" priority="2" use="optional" xlink:arcrole="http://www.xbrl.org/2003/arcrole/parent-child" xlink:from="us-gaap_SegmentDomain" xlink:to="bst_HeavyEquipmentMember" />
        <loc xlink:type="locator" xlink:href="bst-20160930.xsd#bst_OtherMember" xlink:label="bst_OtherMember" />
        <presentationArc xlink:type="arc" order="1.12" preferredLabel="http://www.xbrl.org/2003/role/terseLabel" priority="2" use="optional" xlink:arcrole="http://www.xbrl.org/2003/arcrole/parent-child" xlink:from="us-gaap_SegmentDomain" xlink:to="bst_OtherMember" />
        <loc xlink:type="locator" xlink:href="http://xbrl.fasb.org/us-gaap/2018/elts/us-gaap-2018-01-31.xsd#us-gaap_SegmentReportingInformationLineItems" xlink:label="us-gaap_SegmentReportingInformationLineItems" />
        <presentationArc xlink:type="arc" order="100.0" preferredLabel="http://www.xbrl.org/2003/role/terseLabel" priority="2" use="optional" xlink:arcrole="http://www.xbrl.org/2003/arcrole/parent-child" xlink:from="us-gaap_ScheduleOfSegmentReportingInformationBySegmentTable" xlink:to="us-gaap_SegmentReportingInformationLineItems" />
        <loc xlink:type="locator" xlink:href="http://xbrl.fasb.org/us-gaap/2018/elts/us-gaap-2018-01-31.xsd#us-gaap_SalesRevenueNetAbstract" xlink:label="us-gaap_SalesRevenueNetAbstract" />
        <presentationArc xlink:type="arc" order="1.02" preferredLabel="http://www.xbrl.org/2003/role/terseLabel" priority="2" use="optional" xlink:arcrole="http://www.xbrl.org/2003/arcrole/parent-child" xlink:from="us-gaap_SegmentReportingInformationLineItems" xlink:to="us-gaap_SalesRevenueNetAbstract" />
        <loc xlink:type="locator" xlink:href="http://xbrl.fasb.org/us-gaap/2018/elts/us-gaap-2018-01-31.xsd#us-gaap_SalesRevenueNet" xlink:label="us-gaap_SalesRevenueNet" />
        <presentationArc xlink:type="arc" order="1.01" preferredLabel="http://www.xbrl.org/2003/role/verboseLabel" priority="2" use="optional" xlink:arcrole="http://www.xbrl.org/2003/arcrole/parent-child" xlink:from="us-gaap_SalesRevenueNetAbstract" xlink:to="us-gaap_SalesRevenueNet" />
        <loc xlink:type="locator" xlink:href="http://xbrl.fasb.org/us-gaap/2018/elts/us-gaap-2018-01-31.xsd#us-gaap_OperatingIncomeLossAbstract" xlink:label="us-gaap_OperatingIncomeLossAbstract" />
        <presentationArc xlink:type="arc" order="1.03" preferredLabel="http://www.xbrl.org/2003/role/terseLabel" priority="2" use="optional" xlink:arcrole="http://www.xbrl.org/2003/arcrole/parent-child" xlink:from="us-gaap_SegmentReportingInformationLineItems" xlink:to="us-gaap_OperatingIncomeLossAbstract" />
        <loc xlink:type="locator" xlink:href="http://xbrl.fasb.org/us-gaap/2018/elts/us-gaap-2018-01-31.xsd#us-gaap_OperatingIncomeLoss" xlink:label="us-gaap_OperatingIncomeLoss" />
        <presentationArc xlink:type="arc" order="1.13" preferredLabel="http://www.xbrl.org/2003/role/terseLabel" priority="2" use="optional" xlink:arcrole="http://www.xbrl.org/2003/arcrole/parent-child" xlink:from="us-gaap_OperatingIncomeLossAbstract" xlink:to="us-gaap_OperatingIncomeLoss" />
        <loc xlink:type="locator" xlink:href="http://xbrl.fasb.org/us-gaap/2018/elts/us-gaap-2018-01-31.xsd#us-gaap_InterestRevenueExpenseNet" xlink:label="us-gaap_InterestRevenueExpenseNet" />
        <presentationArc xlink:type="arc" order="1.04" preferredLabel="http://www.xbrl.org/2003/role/terseLabel" priority="2" use="optional" xlink:arcrole="http://www.xbrl.org/2003/arcrole/parent-child" xlink:from="us-gaap_SegmentReportingInformationLineItems" xlink:to="us-gaap_InterestRevenueExpenseNet" />
        <loc xlink:type="locator" xlink:href="http://xbrl.fasb.org/us-gaap/2018/elts/us-gaap-2018-01-31.xsd#us-gaap_AmortizationOfIntangibleAssets" xlink:label="us-gaap_AmortizationOfIntangibleAssets" />
        <presentationArc xlink:type="arc" order="1.05" preferredLabel="http://www.xbrl.org/2009/role/negatedLabel" priority="2" use="optional" xlink:arcrole="http://www.xbrl.org/2003/arcrole/parent-child" xlink:from="us-gaap_SegmentReportingInformationLineItems" xlink:to="us-gaap_AmortizationOfIntangibleAssets" />
        <loc xlink:type="locator" xlink:href="http://xbrl.fasb.org/us-gaap/2018/elts/us-gaap-2018-01-31.xsd#us-gaap_OtherNoninterestExpense" xlink:label="us-gaap_OtherNoninterestExpense" />
        <presentationArc xlink:type="arc" order="1.06" preferredLabel="http://www.xbrl.org/2009/role/negatedLabel" priority="2" use="optional" xlink:arcrole="http://www.xbrl.org/2003/arcrole/parent-child" xlink:from="us-gaap_SegmentReportingInformationLineItems" xlink:to="us-gaap_OtherNoninterestExpense" />
        <loc xlink:type="locator" xlink:href="http://xbrl.fasb.org/us-gaap/2018/elts/us-gaap-2018-01-31.xsd#us-gaap_IncomeLossFromContinuingOperationsBeforeIncomeTaxesExtraordinaryItemsNoncontrollingInterest" xlink:label="us-gaap_IncomeLossFromContinuingOperationsBeforeIncomeTaxesExtraordinaryItemsNoncontrollingInterest" />
        <presentationArc xlink:type="arc" order="1.07" preferredLabel="http://www.xbrl.org/2003/role/totalLabel" priority="2" use="optional" xlink:arcrole="http://www.xbrl.org/2003/arcrole/parent-child" xlink:from="us-gaap_SegmentReportingInformationLineItems" xlink:to="us-gaap_IncomeLossFromContinuingOperationsBeforeIncomeTaxesExtraordinaryItemsNoncontrollingInterest" />
    </presentationLink>
    <presentationLink xlink:type="extended" xlink:role="http://www.brightstar.com/taxonomy/role/NotesToFinancialStatementsOrganizationConsolidationAndPresentationOfFinancialStatementsDisclosureTextBlock">
        <loc xlink:type="locator" xlink:href="http://xbrl.fasb.org/us-gaap/2018/elts/us-gaap-2018-01-31.xsd#us-gaap_AccountingPoliciesAbstract" xlink:label="us-gaap_AccountingPoliciesAbstract" />
        <loc xlink:type="locator" xlink:href="http://xbrl.fasb.org/us-gaap/2018/elts/us-gaap-2018-01-31.xsd#us-gaap_OrganizationConsolidationAndPresentationOfFinancialStatementsDisclosureTextBlock" xlink:label="us-gaap_OrganizationConsolidationAndPresentationOfFinancialStatementsDisclosureTextBlock" />
        <presentationArc xlink:type="arc" order="1.01" preferredLabel="http://www.xbrl.org/2003/role/terseLabel" priority="2" use="optional" xlink:arcrole="http://www.xbrl.org/2003/arcrole/parent-child" xlink:from="us-gaap_AccountingPoliciesAbstract" xlink:to="us-gaap_OrganizationConsolidationAndPresentationOfFinancialStatementsDisclosureTextBlock" />
    </presentationLink>
    <presentationLink xlink:type="extended" xlink:role="http://www.brightstar.com/taxonomy/role/NotesToFinancialStatementsSegmentReportingDisclosureTextBlock">
        <loc xlink:type="locator" xlink:href="http://xbrl.fasb.org/us-gaap/2018/elts/us-gaap-2018-01-31.xsd#us-gaap_SegmentReportingAbstract" xlink:label="us-gaap_SegmentReportingAbstract" />
        <loc xlink:type="locator" xlink:href="http://xbrl.fasb.org/us-gaap/2018/elts/us-gaap-2018-01-31.xsd#us-gaap_SegmentReportingDisclosureTextBlock" xlink:label="us-gaap_SegmentReportingDisclosureTextBlock" />
        <presentationArc xlink:type="arc" order="1.01" preferredLabel="http://www.xbrl.org/2003/role/terseLabel" priority="2" use="optional" xlink:arcrole="http://www.xbrl.org/2003/arcrole/parent-child" xlink:from="us-gaap_SegmentReportingAbstract" xlink:to="us-gaap_SegmentReportingDisclosureTextBlock" />
    </presentationLink>
    <presentationLink xlink:type="extended" xlink:role="http://www.brightstar.com/taxonomy/role/NotesToFinancialStatementsSegmentReportingDisclosureTextBlockTables">
        <loc xlink:type="locator" xlink:href="http://xbrl.fasb.org/us-gaap/2018/elts/us-gaap-2018-01-31.xsd#us-gaap_SegmentReportingAbstract" xlink:label="us-gaap_SegmentReportingAbstract" />
        <loc xlink:type="locator" xlink:href="http://xbrl.fasb.org/us-gaap/2018/elts/us-gaap-2018-01-31.xsd#us-gaap_ScheduleOfSegmentReportingInformationBySegmentTextBlock" xlink:label="us-gaap_ScheduleOfSegmentReportingInformationBySegmentTextBlock" />
        <presentationArc xlink:type="arc" order="1.01" preferredLabel="http://www.xbrl.org/2003/role/terseLabel" priority="2" use="optional" xlink:arcrole="http://www.xbrl.org/2003/arcrole/parent-child" xlink:from="us-gaap_SegmentReportingAbstract" xlink:to="us-gaap_ScheduleOfSegmentReportingInformationBySegmentTextBlock" />
    </presentationLink>
</linkbase>
