<?xml version="1.0" encoding="utf-8"?>
<linkbase xmlns="http://www.xbrl.org/2003/linkbase"
xmlns:xlink="http://www.w3.org/1999/xlink"
xmlns:xsi="http://www.w3.org/2001/XMLSchema-instance" xsi:schemaLocation="http://www.xbrl.org/2003/linkbase http://www.xbrl.org/2003/xbrl-linkbase-2003-12-31.xsd">
<roleRef roleURI="http://www.brightstar.com/taxonomy/role/DocumentandEntityInformation" xlink:type="simple" xlink:href="bst-20160930.xsd#DocumentandEntityInformation" />
<roleRef roleURI="http://www.brightstar.com/taxonomy/role/StatementOfFinancialPositionClassified" xlink:type="simple" xlink:href="bst-20160930.xsd#Role_StatementOfFinancialPositionClassified" />
<roleRef roleURI="http://www.brightstar.com/taxonomy/role/StatementOfFinancialPositionClassifiedParenthetical" xlink:type="simple" xlink:href="bst-20160930.xsd#Role_StatementOfFinancialPositionClassifiedParen" />
<roleRef roleURI="http://www.brightstar.com/taxonomy/role/StatementOfIncome" xlink:type="simple" xlink:href="bst-20160930.xsd#Role_StatementOfIncome" />
<roleRef roleURI="http://www.brightstar.com/taxonomy/role/StatementOfCashFlowsIndirect" xlink:type="simple" xlink:href="bst-20160930.xsd#Role_StatementOfCashFlowsIndirect" />
<roleRef roleURI="http://www.brightstar.com/taxonomy/role/DisclosureSegmentInformationSummaryOfSegmentInformation" xlink:type="simple" xlink:href="bst-20160930.xsd#DisclosureSegmentInformationSummaryOfSegmentInformation" />
<roleRef roleURI="http://www.brightstar.com/taxonomy/role/NotesToFinancialStatementsOrganizationConsolidationAndPresentationOfFinancialStatementsDisclosureTextBlock" xlink:type="simple" xlink:href="bst-20160930.xsd#Role_NotesToFinancialStatementsOrganizationConsolidationAndPresentationOfFinancialStatementsDisclosureTextBlock" />
<roleRef roleURI="http://www.brightstar.com/taxonomy/role/NotesToFinancialStatementsSegmentReportingDisclosureTextBlock" xlink:type="simple" xlink:href="bst-20160930.xsd#Role_NotesToFinancialStatementsSegmentReportingDisclosureTextBlock" />
<roleRef roleURI="http://www.brightstar.com/taxonomy/role/NotesToFinancialStatementsSegmentReportingDisclosureTextBlockTables" xlink:type="simple" xlink:href="bst-20160930.xsd#Role_NotesToFinancialStatementsSegmentReportingDisclosureTextBlockTables" />
<calculationLink xlink:type="extended" xlink:role="http://www.brightstar.com/taxonomy/role/DocumentandEntityInformation" />
<calculationLink xlink:type="extended" xlink:role="http://www.brightstar.com/taxonomy/role/StatementOfFinancialPositionClassified">
<loc xlink:type="locator" xlink:href="http://xbrl.fasb.org/us-gaap/2018/elts/us-gaap-2018-01-31.xsd#us-gaap_Assets" xlink:label="us-gaap_Assets" />
<loc xlink:type="locator" xlink:href="http://xbrl.fasb.org/us-gaap/2018/elts/us-gaap-2018-01-31.xsd#us-gaap_AssetsCurrent" xlink:label="us-gaap_AssetsCurrent" />
<calculationArc xlink:type="arc" order="1.05" priority="2" use="optional" weight="1.00" xlink:arcrole="http://www.xbrl.org/2003/arcrole/summation-item" xlink:from="us-gaap_Assets" xlink:to="us-gaap_AssetsCurrent" />
<loc xlink:type="locator" xlink:href="http://xbrl.fasb.org/us-gaap/2018/elts/us-gaap-2018-01-31.xsd#us-gaap_CashAndCashEquivalentsAtCarryingValue" xlink:label="us-gaap_CashAndCashEquivalentsAtCarryingValue" />
<calculationArc xlink:type="arc" order="1.01" priority="2" use="optional" weight="1.00" xlink:arcrole="http://www.xbrl.org/2003/arcrole/summation-item" xlink:from="us-gaap_AssetsCurrent" xlink:to="us-gaap_CashAndCashEquivalentsAtCarryingValue" />
<loc xlink:type="locator" xlink:href="http://xbrl.fasb.org/us-gaap/2018/elts/us-gaap-2018-01-31.xsd#us-gaap_AccountsNotesAndLoansReceivableNetCurrent" xlink:label="us-gaap_AccountsNotesAndLoansReceivableNetCurrent" />
<calculationArc xlink:type="arc" order="1.02" priority="2" use="optional" weight="1.00" xlink:arcrole="http://www.xbrl.org/2003/arcrole/summation-item" xlink:from="us-gaap_AssetsCurrent" xlink:to="us-gaap_AccountsNotesAndLoansReceivableNetCurrent" />
<loc xlink:type="locator" xlink:href="http://xbrl.fasb.org/us-gaap/2018/elts/us-gaap-2018-01-31.xsd#us-gaap_AirlineRelatedInventory" xlink:label="us-gaap_AirlineRelatedInventory" />
<calculationArc xlink:type="arc" order="1.03" priority="2" use="optional" weight="1.00" xlink:arcrole="http://www.xbrl.org/2003/arcrole/summation-item" xlink:from="us-gaap_AssetsCurrent" xlink:to="us-gaap_AirlineRelatedInventory" />
<loc xlink:type="locator" xlink:href="http://xbrl.fasb.org/us-gaap/2018/elts/us-gaap-2018-01-31.xsd#us-gaap_PrepaidExpenseAndOtherAssetsCurrent" xlink:label="us-gaap_PrepaidExpenseAndOtherAssetsCurrent" />
<calculationArc xlink:type="arc" order="1.04" priority="2" use="optional" weight="1.00" xlink:arcrole="http://www.xbrl.org/2003/arcrole/summation-item" xlink:from="us-gaap_AssetsCurrent" xlink:to="us-gaap_PrepaidExpenseAndOtherAssetsCurrent" />
<loc xlink:type="locator" xlink:href="bst-20160930.xsd#bst_GoodwillAndIntangibleAssetsLessAccumulatedAmortization" xlink:label="bst_GoodwillAndIntangibleAssetsLessAccumulatedAmortization" />
<calculationArc xlink:type="arc" order="1.06" priority="2" use="optional" weight="1.00" xlink:arcrole="http://www.xbrl.org/2003/arcrole/summation-item" xlink:from="us-gaap_Assets" xlink:to="bst_GoodwillAndIntangibleAssetsLessAccumulatedAmortization" />
<loc xlink:type="locator" xlink:href="http://xbrl.fasb.org/us-gaap/2018/elts/us-gaap-2018-01-31.xsd#us-gaap_DeferredTaxAssetsNetNoncurrent" xlink:label="us-gaap_DeferredTaxAssetsNetNoncurrent" />
<calculationArc xlink:type="arc" order="1.07" priority="2" use="optional" weight="1.00" xlink:arcrole="http://www.xbrl.org/2003/arcrole/summation-item" xlink:from="us-gaap_Assets" xlink:to="us-gaap_DeferredTaxAssetsNetNoncurrent" />
<loc xlink:type="locator" xlink:href="http://xbrl.fasb.org/us-gaap/2018/elts/us-gaap-2018-01-31.xsd#us-gaap_OtherAssetsNoncurrent" xlink:label="us-gaap_OtherAssetsNoncurrent" />
<calculationArc xlink:type="arc" order="1.08" priority="2" use="optional" weight="1.00" xlink:arcrole="http://www.xbrl.org/2003/arcrole/summation-item" xlink:from="us-gaap_Assets" xlink:to="us-gaap_OtherAssetsNoncurrent" />
<loc xlink:type="locator" xlink:href="http://xbrl.fasb.org/us-gaap/2018/elts/us-gaap-2018-01-31.xsd#us-gaap_PropertyPlantAndEquipmentNet" xlink:label="us-gaap_PropertyPlantAndEquipmentNet" />
<calculationArc xlink:type="arc" order="1.09" priority="2" use="optional" weight="1.00" xlink:arcrole="http://www.xbrl.org/2003/arcrole/summation-item" xlink:from="us-gaap_Assets" xlink:to="us-gaap_PropertyPlantAndEquipmentNet" />
<loc xlink:type="locator" xlink:href="http://xbrl.fasb.org/us-gaap/2018/elts/us-gaap-2018-01-31.xsd#us-gaap_LiabilitiesAndStockholdersEquity" xlink:label="us-gaap_LiabilitiesAndStockholdersEquity" />
<loc xlink:type="locator" xlink:href="http://xbrl.fasb.org/us-gaap/2018/elts/us-gaap-2018-01-31.xsd#us-gaap_LiabilitiesCurrent" xlink:label="us-gaap_LiabilitiesCurrent" />
<calculationArc xlink:type="arc" order="1.15" priority="2" use="optional" weight="1.00" xlink:arcrole="http://www.xbrl.org/2003/arcrole/summation-item" xlink:from="us-gaap_LiabilitiesAndStockholdersEquity" xlink:to="us-gaap_LiabilitiesCurrent" />
<loc xlink:type="locator" xlink:href="http://xbrl.fasb.org/us-gaap/2018/elts/us-gaap-2018-01-31.xsd#us-gaap_AccountsPayableCurrent" xlink:label="us-gaap_AccountsPayableCurrent" />
<calculationArc xlink:type="arc" order="1.1" priority="2" use="optional" weight="1.00" xlink:arcrole="http://www.xbrl.org/2003/arcrole/summation-item" xlink:from="us-gaap_LiabilitiesCurrent" xlink:to="us-gaap_AccountsPayableCurrent" />
<loc xlink:type="locator" xlink:href="http://xbrl.fasb.org/us-gaap/2018/elts/us-gaap-2018-01-31.xsd#us-gaap_SeniorNotesCurrent" xlink:label="us-gaap_SeniorNotesCurrent" />
<calculationArc xlink:type="arc" order="1.11" priority="2" use="optional" weight="1.00" xlink:arcrole="http://www.xbrl.org/2003/arcrole/summation-item" xlink:from="us-gaap_LiabilitiesCurrent" xlink:to="us-gaap_SeniorNotesCurrent" />
<loc xlink:type="locator" xlink:href="http://xbrl.fasb.org/us-gaap/2018/elts/us-gaap-2018-01-31.xsd#us-gaap_AccruedIncomeTaxesCurrent" xlink:label="us-gaap_AccruedIncomeTaxesCurrent" />
<calculationArc xlink:type="arc" order="1.12" priority="2" use="optional" weight="1.00" xlink:arcrole="http://www.xbrl.org/2003/arcrole/summation-item" xlink:from="us-gaap_LiabilitiesCurrent" xlink:to="us-gaap_AccruedIncomeTaxesCurrent" />
<loc xlink:type="locator" xlink:href="http://xbrl.fasb.org/us-gaap/2018/elts/us-gaap-2018-01-31.xsd#us-gaap_DividendsPayableCurrent" xlink:label="us-gaap_DividendsPayableCurrent" />
<calculationArc xlink:type="arc" order="1.13" priority="2" use="optional" weight="1.00" xlink:arcrole="http://www.xbrl.org/2003/arcrole/summation-item" xlink:from="us-gaap_LiabilitiesCurrent" xlink:to="us-gaap_DividendsPayableCurrent" />
<loc xlink:type="locator" xlink:href="http://xbrl.fasb.org/us-gaap/2018/elts/us-gaap-2018-01-31.xsd#us-gaap_OtherLiabilitiesCurrent" xlink:label="us-gaap_OtherLiabilitiesCurrent" />
<calculationArc xlink:type="arc" order="1.14" priority="2" use="optional" weight="1.00" xlink:arcrole="http://www.xbrl.org/2003/arcrole/summation-item" xlink:from="us-gaap_LiabilitiesCurrent" xlink:to="us-gaap_OtherLiabilitiesCurrent" />
<loc xlink:type="locator" xlink:href="http://xbrl.fasb.org/us-gaap/2018/elts/us-gaap-2018-01-31.xsd#us-gaap_SeniorLongTermNotes" xlink:label="us-gaap_SeniorLongTermNotes" />
<calculationArc xlink:type="arc" order="1.16" priority="2" use="optional" weight="1.00" xlink:arcrole="http://www.xbrl.org/2003/arcrole/summation-item" xlink:from="us-gaap_LiabilitiesAndStockholdersEquity" xlink:to="us-gaap_SeniorLongTermNotes" />
<loc xlink:type="locator" xlink:href="http://xbrl.fasb.org/us-gaap/2018/elts/us-gaap-2018-01-31.xsd#us-gaap_PensionAndOtherPostretirementDefinedBenefitPlansLiabilitiesNoncurrent" xlink:label="us-gaap_PensionAndOtherPostretirementDefinedBenefitPlansLiabilitiesNoncurrent" />
<calculationArc xlink:type="arc" order="1.17" priority="2" use="optional" weight="1.00" xlink:arcrole="http://www.xbrl.org/2003/arcrole/summation-item" xlink:from="us-gaap_LiabilitiesAndStockholdersEquity" xlink:to="us-gaap_PensionAndOtherPostretirementDefinedBenefitPlansLiabilitiesNoncurrent" />
<loc xlink:type="locator" xlink:href="http://xbrl.fasb.org/us-gaap/2018/elts/us-gaap-2018-01-31.xsd#us-gaap_DeferredTaxLiabilitiesGrossNoncurrent" xlink:label="us-gaap_DeferredTaxLiabilitiesGrossNoncurrent" />
<calculationArc xlink:type="arc" order="1.18" priority="2" use="optional" weight="1.00" xlink:arcrole="http://www.xbrl.org/2003/arcrole/summation-item" xlink:from="us-gaap_LiabilitiesAndStockholdersEquity" xlink:to="us-gaap_DeferredTaxLiabilitiesGrossNoncurrent" />
<loc xlink:type="locator" xlink:href="http://xbrl.fasb.org/us-gaap/2018/elts/us-gaap-2018-01-31.xsd#us-gaap_OtherLiabilitiesNoncurrent" xlink:label="us-gaap_OtherLiabilitiesNoncurrent" />
<calculationArc xlink:type="arc" order="1.19" priority="2" use="optional" weight="1.00" xlink:arcrole="http://www.xbrl.org/2003/arcrole/summation-item" xlink:from="us-gaap_LiabilitiesAndStockholdersEquity" xlink:to="us-gaap_OtherLiabilitiesNoncurrent" />
<loc xlink:type="locator" xlink:href="http://xbrl.fasb.org/us-gaap/2018/elts/us-gaap-2018-01-31.xsd#us-gaap_StockholdersEquityIncludingPortionAttributableToNoncontrollingInterest" xlink:label="us-gaap_StockholdersEquityIncludingPortionAttributableToNoncontrollingInterest" />
<calculationArc xlink:type="arc" order="1.26" priority="2" use="optional" weight="1.00" xlink:arcrole="http://www.xbrl.org/2003/arcrole/summation-item" xlink:from="us-gaap_LiabilitiesAndStockholdersEquity" xlink:to="us-gaap_StockholdersEquityIncludingPortionAttributableToNoncontrollingInterest" />
<loc xlink:type="locator" xlink:href="http://xbrl.fasb.org/us-gaap/2018/elts/us-gaap-2018-01-31.xsd#us-gaap_StockholdersEquity" xlink:label="us-gaap_StockholdersEquity" />
<calculationArc xlink:type="arc" order="1.24" priority="2" use="optional" weight="1.00" xlink:arcrole="http://www.xbrl.org/2003/arcrole/summation-item" xlink:from="us-gaap_StockholdersEquityIncludingPortionAttributableToNoncontrollingInterest" xlink:to="us-gaap_StockholdersEquity" />
<loc xlink:type="locator" xlink:href="http://xbrl.fasb.org/us-gaap/2018/elts/us-gaap-2018-01-31.xsd#us-gaap_PreferredStockValue" xlink:label="us-gaap_PreferredStockValue" />
<calculationArc xlink:type="arc" order="1.2" priority="2" use="optional" weight="1.00" xlink:arcrole="http://www.xbrl.org/2003/arcrole/summation-item" xlink:from="us-gaap_StockholdersEquity" xlink:to="us-gaap_PreferredStockValue" />
<loc xlink:type="locator" xlink:href="http://xbrl.fasb.org/us-gaap/2018/elts/us-gaap-2018-01-31.xsd#us-gaap_CommonStockValue" xlink:label="us-gaap_CommonStockValue" />
<calculationArc xlink:type="arc" order="1.21" priority="2" use="optional" weight="1.00" xlink:arcrole="http://www.xbrl.org/2003/arcrole/summation-item" xlink:from="us-gaap_StockholdersEquity" xlink:to="us-gaap_CommonStockValue" />
<loc xlink:type="locator" xlink:href="http://xbrl.fasb.org/us-gaap/2018/elts/us-gaap-2018-01-31.xsd#us-gaap_RetainedEarningsAccumulatedDeficit" xlink:label="us-gaap_RetainedEarningsAccumulatedDeficit" />
<calculationArc xlink:type="arc" order="1.22" priority="2" use="optional" weight="1.00" xlink:arcrole="http://www.xbrl.org/2003/arcrole/summation-item" xlink:from="us-gaap_StockholdersEquity" xlink:to="us-gaap_RetainedEarningsAccumulatedDeficit" />
<loc xlink:type="locator" xlink:href="http://xbrl.fasb.org/us-gaap/2018/elts/us-gaap-2018-01-31.xsd#us-gaap_AccumulatedOtherComprehensiveIncomeLossNetOfTax" xlink:label="us-gaap_AccumulatedOtherComprehensiveIncomeLossNetOfTax" />
<calculationArc xlink:type="arc" order="1.23" priority="2" use="optional" weight="1.00" xlink:arcrole="http://www.xbrl.org/2003/arcrole/summation-item" xlink:from="us-gaap_StockholdersEquity" xlink:to="us-gaap_AccumulatedOtherComprehensiveIncomeLossNetOfTax" />
<loc xlink:type="locator" xlink:href="http://xbrl.fasb.org/us-gaap/2018/elts/us-gaap-2018-01-31.xsd#us-gaap_MinorityInterest" xlink:label="us-gaap_MinorityInterest" />
<calculationArc xlink:type="arc" order="1.25" priority="2" use="optional" weight="1.00" xlink:arcrole="http://www.xbrl.org/2003/arcrole/summation-item" xlink:from="us-gaap_StockholdersEquityIncludingPortionAttributableToNoncontrollingInterest" xlink:to="us-gaap_MinorityInterest" />
</calculationLink>
<calculationLink xlink:type="extended" xlink:role="http://www.brightstar.com/taxonomy/role/StatementOfFinancialPositionClassifiedParenthetical" />
<calculationLink xlink:type="extended" xlink:role="http://www.brightstar.com/taxonomy/role/StatementOfIncome">
<loc xlink:type="locator" xlink:href="http://xbrl.fasb.org/us-gaap/2018/elts/us-gaap-2018-01-31.xsd#us-gaap_WeightedAverageNumberOfDilutedSharesOutstanding" xlink:label="us-gaap_WeightedAverageNumberOfDilutedSharesOutstanding" />
<loc xlink:type="locator" xlink:href="http://xbrl.fasb.org/us-gaap/2018/elts/us-gaap-2018-01-31.xsd#us-gaap_WeightedAverageNumberOfSharesOutstandingBasic" xlink:label="us-gaap_WeightedAverageNumberOfSharesOutstandingBasic" />
<calculationArc xlink:type="arc" order="1.09" priority="2" use="optional" weight="1.00" xlink:arcrole="http://www.xbrl.org/2003/arcrole/summation-item" xlink:from="us-gaap_WeightedAverageNumberOfDilutedSharesOutstanding" xlink:to="us-gaap_WeightedAverageNumberOfSharesOutstandingBasic" />
<loc xlink:type="locator" xlink:href="http://xbrl.fasb.org/us-gaap/2018/elts/us-gaap-2018-01-31.xsd#us-gaap_WeightedAverageNumberDilutedSharesOutstandingAdjustment" xlink:label="us-gaap_WeightedAverageNumberDilutedSharesOutstandingAdjustment" />
<calculationArc xlink:type="arc" order="1.1" priority="2" use="optional" weight="1.00" xlink:arcrole="http://www.xbrl.org/2003/arcrole/summation-item" xlink:from="us-gaap_WeightedAverageNumberOfDilutedSharesOutstanding" xlink:to="us-gaap_WeightedAverageNumberDilutedSharesOutstandingAdjustment" />
<loc xlink:type="locator" xlink:href="http://xbrl.fasb.org/us-gaap/2018/elts/us-gaap-2018-01-31.xsd#us-gaap_ProfitLoss" xlink:label="us-gaap_ProfitLoss" />
<loc xlink:type="locator" xlink:href="http://xbrl.fasb.org/us-gaap/2018/elts/us-gaap-2018-01-31.xsd#us-gaap_IncomeLossFromContinuingOperationsBeforeIncomeTaxesExtraordinaryItemsNoncontrollingInterest" xlink:label="us-gaap_IncomeLossFromContinuingOperationsBeforeIncomeTaxesExtraordinaryItemsNoncontrollingInterest" />
<calculationArc xlink:type="arc" order="1.07" priority="2" use="optional" weight="1.00" xlink:arcrole="http://www.xbrl.org/2003/arcrole/summation-item" xlink:from="us-gaap_ProfitLoss" xlink:to="us-gaap_IncomeLossFromContinuingOperationsBeforeIncomeTaxesExtraordinaryItemsNoncontrollingInterest" />
<loc xlink:type="locator" xlink:href="http://xbrl.fasb.org/us-gaap/2018/elts/us-gaap-2018-01-31.xsd#us-gaap_GrossProfit" xlink:label="us-gaap_GrossProfit" />
<calculationArc xlink:type="arc" order="1.03" priority="2" use="optional" weight="1.00" xlink:arcrole="http://www.xbrl.org/2003/arcrole/summation-item" xlink:from="us-gaap_IncomeLossFromContinuingOperationsBeforeIncomeTaxesExtraordinaryItemsNoncontrollingInterest" xlink:to="us-gaap_GrossProfit" />
<loc xlink:type="locator" xlink:href="http://xbrl.fasb.org/us-gaap/2018/elts/us-gaap-2018-01-31.xsd#us-gaap_SalesRevenueNet" xlink:label="us-gaap_SalesRevenueNet" />
<calculationArc xlink:type="arc" order="1.01" priority="2" use="optional" weight="1.00" xlink:arcrole="http://www.xbrl.org/2003/arcrole/summation-item" xlink:from="us-gaap_GrossProfit" xlink:to="us-gaap_SalesRevenueNet" />
<loc xlink:type="locator" xlink:href="http://xbrl.fasb.org/us-gaap/2018/elts/us-gaap-2018-01-31.xsd#us-gaap_CostOfGoodsSold" xlink:label="us-gaap_CostOfGoodsSold" />
<calculationArc xlink:type="arc" order="1.02" priority="2" use="optional" weight="-1.00" xlink:arcrole="http://www.xbrl.org/2003/arcrole/summation-item" xlink:from="us-gaap_GrossProfit" xlink:to="us-gaap_CostOfGoodsSold" />
<loc xlink:type="locator" xlink:href="http://xbrl.fasb.org/us-gaap/2018/elts/us-gaap-2018-01-31.xsd#us-gaap_OperatingExpenses" xlink:label="us-gaap_OperatingExpenses" />
<calculationArc xlink:type="arc" order="1.06" priority="2" use="optional" weight="-1.00" xlink:arcrole="http://www.xbrl.org/2003/arcrole/summation-item" xlink:from="us-gaap_IncomeLossFromContinuingOperationsBeforeIncomeTaxesExtraordinaryItemsNoncontrollingInterest" xlink:to="us-gaap_OperatingExpenses" />
<loc xlink:type="locator" xlink:href="http://xbrl.fasb.org/us-gaap/2018/elts/us-gaap-2018-01-31.xsd#us-gaap_SellingGeneralAndAdministrativeExpense" xlink:label="us-gaap_SellingGeneralAndAdministrativeExpense" />
<calculationArc xlink:type="arc" order="1.04" priority="2" use="optional" weight="1.00" xlink:arcrole="http://www.xbrl.org/2003/arcrole/summation-item" xlink:from="us-gaap_OperatingExpenses" xlink:to="us-gaap_SellingGeneralAndAdministrativeExpense" />
<loc xlink:type="locator" xlink:href="http://xbrl.fasb.org/us-gaap/2018/elts/us-gaap-2018-01-31.xsd#us-gaap_DepreciationAndAmortization" xlink:label="us-gaap_DepreciationAndAmortization" />
<calculationArc xlink:type="arc" order="1.05" priority="2" use="optional" weight="1.00" xlink:arcrole="http://www.xbrl.org/2003/arcrole/summation-item" xlink:from="us-gaap_OperatingExpenses" xlink:to="us-gaap_DepreciationAndAmortization" />
<loc xlink:type="locator" xlink:href="http://xbrl.fasb.org/us-gaap/2018/elts/us-gaap-2018-01-31.xsd#us-gaap_CurrentIncomeTaxExpenseBenefit" xlink:label="us-gaap_CurrentIncomeTaxExpenseBenefit" />
<calculationArc xlink:type="arc" order="1.08" priority="2" use="optional" weight="-1.00" xlink:arcrole="http://www.xbrl.org/2003/arcrole/summation-item" xlink:from="us-gaap_ProfitLoss" xlink:to="us-gaap_CurrentIncomeTaxExpenseBenefit" />
</calculationLink>
<calculationLink xlink:type="extended" xlink:role="http://www.brightstar.com/taxonomy/role/StatementOfCashFlowsIndirect">
<loc xlink:type="locator" xlink:href="http://xbrl.fasb.org/us-gaap/2018/elts/us-gaap-2018-01-31.xsd#us-gaap_CashAndCashEquivalentsPeriodIncreaseDecrease" xlink:label="us-gaap_CashAndCashEquivalentsPeriodIncreaseDecrease" />
<loc xlink:type="locator" xlink:href="http://xbrl.fasb.org/us-gaap/2018/elts/us-gaap-2018-01-31.xsd#us-gaap_NetCashProvidedByUsedInOperatingActivities" xlink:label="us-gaap_NetCashProvidedByUsedInOperatingActivities" />
<calculationArc xlink:type="arc" order="1.07" priority="2" use="optional" weight="1.00" xlink:arcrole="http://www.xbrl.org/2003/arcrole/summation-item" xlink:from="us-gaap_CashAndCashEquivalentsPeriodIncreaseDecrease" xlink:to="us-gaap_NetCashProvidedByUsedInOperatingActivities" />
<loc xlink:type="locator" xlink:href="http://xbrl.fasb.org/us-gaap/2018/elts/us-gaap-2018-01-31.xsd#us-gaap_ProfitLoss" xlink:label="us-gaap_ProfitLoss" />
<calculationArc xlink:type="arc" order="1.01" priority="2" use="optional" weight="1.00" xlink:arcrole="http://www.xbrl.org/2003/arcrole/summation-item" xlink:from="us-gaap_NetCashProvidedByUsedInOperatingActivities" xlink:to="us-gaap_ProfitLoss" />
<loc xlink:type="locator" xlink:href="http://xbrl.fasb.org/us-gaap/2018/elts/us-gaap-2018-01-31.xsd#us-gaap_DepreciationAndAmortization" xlink:label="us-gaap_DepreciationAndAmortization" />
<calculationArc xlink:type="arc" order="1.02" priority="2" use="optional" weight="1.00" xlink:arcrole="http://www.xbrl.org/2003/arcrole/summation-item" xlink:from="us-gaap_NetCashProvidedByUsedInOperatingActivities" xlink:to="us-gaap_DepreciationAndAmortization" />
<loc xlink:type="locator" xlink:href="http://xbrl.fasb.org/us-gaap/2018/elts/us-gaap-2018-01-31.xsd#us-gaap_ShareBasedCompensation" xlink:label="us-gaap_ShareBasedCompensation" />
<calculationArc xlink:type="arc" order="1.03" priority="2" use="optional" weight="1.00" xlink:arcrole="http://www.xbrl.org/2003/arcrole/summation-item" xlink:from="us-gaap_NetCashProvidedByUsedInOperatingActivities" xlink:to="us-gaap_ShareBasedCompensation" />
<loc xlink:type="locator" xlink:href="http://xbrl.fasb.org/us-gaap/2018/elts/us-gaap-2018-01-31.xsd#us-gaap_ExcessTaxBenefitFromShareBasedCompensationOperatingActivities" xlink:label="us-gaap_ExcessTaxBenefitFromShareBasedCompensationOperatingActivities" />
<calculationArc xlink:type="arc" order="1.04" priority="2" use="optional" weight="-1.00" xlink:arcrole="http://www.xbrl.org/2003/arcrole/summation-item" xlink:from="us-gaap_NetCashProvidedByUsedInOperatingActivities" xlink:to="us-gaap_ExcessTaxBenefitFromShareBasedCompensationOperatingActivities" />
<loc xlink:type="locator" xlink:href="http://xbrl.fasb.org/us-gaap/2018/elts/us-gaap-2018-01-31.xsd#us-gaap_IncreaseDecreaseInOtherOperatingCapitalNet" xlink:label="us-gaap_IncreaseDecreaseInOtherOperatingCapitalNet" />
<calculationArc xlink:type="arc" order="1.05" priority="2" use="optional" weight="-1.00" xlink:arcrole="http://www.xbrl.org/2003/arcrole/summation-item" xlink:from="us-gaap_NetCashProvidedByUsedInOperatingActivities" xlink:to="us-gaap_IncreaseDecreaseInOtherOperatingCapitalNet" />
<loc xlink:type="locator" xlink:href="http://xbrl.fasb.org/us-gaap/2018/elts/us-gaap-2018-01-31.xsd#us-gaap_IncreaseDecreaseInOperatingCapital" xlink:label="us-gaap_IncreaseDecreaseInOperatingCapital" />
<calculationArc xlink:type="arc" order="1.06" priority="2" use="optional" weight="-1.00" xlink:arcrole="http://www.xbrl.org/2003/arcrole/summation-item" xlink:from="us-gaap_NetCashProvidedByUsedInOperatingActivities" xlink:to="us-gaap_IncreaseDecreaseInOperatingCapital" />
<loc xlink:type="locator" xlink:href="http://xbrl.fasb.org/us-gaap/2018/elts/us-gaap-2018-01-31.xsd#us-gaap_NetCashProvidedByUsedInInvestingActivities" xlink:label="us-gaap_NetCashProvidedByUsedInInvestingActivities" />
<calculationArc xlink:type="arc" order="1.1" priority="2" use="optional" weight="1.00" xlink:arcrole="http://www.xbrl.org/2003/arcrole/summation-item" xlink:from="us-gaap_CashAndCashEquivalentsPeriodIncreaseDecrease" xlink:to="us-gaap_NetCashProvidedByUsedInInvestingActivities" />
<loc xlink:type="locator" xlink:href="http://xbrl.fasb.org/us-gaap/2018/elts/us-gaap-2018-01-31.xsd#us-gaap_PaymentsToAcquirePropertyPlantAndEquipment" xlink:label="us-gaap_PaymentsToAcquirePropertyPlantAndEquipment" />
<calculationArc xlink:type="arc" order="1.08" priority="2" use="optional" weight="-1.00" xlink:arcrole="http://www.xbrl.org/2003/arcrole/summation-item" xlink:from="us-gaap_NetCashProvidedByUsedInInvestingActivities" xlink:to="us-gaap_PaymentsToAcquirePropertyPlantAndEquipment" />
<loc xlink:type="locator" xlink:href="bst-20160930.xsd#bst_PaymentsToAcquireBusinessesNetOfCashAcquiredAndEquityMethodInvestments" xlink:label="bst_PaymentsToAcquireBusinessesNetOfCashAcquiredAndEquityMethodInvestments" />
<calculationArc xlink:type="arc" order="1.09" priority="2" use="optional" weight="-1.00" xlink:arcrole="http://www.xbrl.org/2003/arcrole/summation-item" xlink:from="us-gaap_NetCashProvidedByUsedInInvestingActivities" xlink:to="bst_PaymentsToAcquireBusinessesNetOfCashAcquiredAndEquityMethodInvestments" />
<loc xlink:type="locator" xlink:href="http://xbrl.fasb.org/us-gaap/2018/elts/us-gaap-2018-01-31.xsd#us-gaap_NetCashProvidedByUsedInFinancingActivities" xlink:label="us-gaap_NetCashProvidedByUsedInFinancingActivities" />
<calculationArc xlink:type="arc" order="1.17" priority="2" use="optional" weight="1.00" xlink:arcrole="http://www.xbrl.org/2003/arcrole/summation-item" xlink:from="us-gaap_CashAndCashEquivalentsPeriodIncreaseDecrease" xlink:to="us-gaap_NetCashProvidedByUsedInFinancingActivities" />
<loc xlink:type="locator" xlink:href="http://xbrl.fasb.org/us-gaap/2018/elts/us-gaap-2018-01-31.xsd#us-gaap_ProceedsFromLongTermLinesOfCredit" xlink:label="us-gaap_ProceedsFromLongTermLinesOfCredit" />
<calculationArc xlink:type="arc" order="1.11" priority="2" use="optional" weight="1.00" xlink:arcrole="http://www.xbrl.org/2003/arcrole/summation-item" xlink:from="us-gaap_NetCashProvidedByUsedInFinancingActivities" xlink:to="us-gaap_ProceedsFromLongTermLinesOfCredit" />
<loc xlink:type="locator" xlink:href="http://xbrl.fasb.org/us-gaap/2018/elts/us-gaap-2018-01-31.xsd#us-gaap_RepaymentsOfLongTermLinesOfCredit" xlink:label="us-gaap_RepaymentsOfLongTermLinesOfCredit" />
<calculationArc xlink:type="arc" order="1.12" priority="2" use="optional" weight="-1.00" xlink:arcrole="http://www.xbrl.org/2003/arcrole/summation-item" xlink:from="us-gaap_NetCashProvidedByUsedInFinancingActivities" xlink:to="us-gaap_RepaymentsOfLongTermLinesOfCredit" />
<loc xlink:type="locator" xlink:href="bst-20160930.xsd#bst_PaymentsForShareBasedAwardsExercisedNetOfTaxesPaid" xlink:label="bst_PaymentsForShareBasedAwardsExercisedNetOfTaxesPaid" />
<calculationArc xlink:type="arc" order="1.13" priority="2" use="optional" weight="-1.00" xlink:arcrole="http://www.xbrl.org/2003/arcrole/summation-item" xlink:from="us-gaap_NetCashProvidedByUsedInFinancingActivities" xlink:to="bst_PaymentsForShareBasedAwardsExercisedNetOfTaxesPaid" />
<loc xlink:type="locator" xlink:href="http://xbrl.fasb.org/us-gaap/2018/elts/us-gaap-2018-01-31.xsd#us-gaap_ExcessTaxBenefitFromShareBasedCompensationFinancingActivities" xlink:label="us-gaap_ExcessTaxBenefitFromShareBasedCompensationFinancingActivities" />
<calculationArc xlink:type="arc" order="1.14" priority="2" use="optional" weight="1.00" xlink:arcrole="http://www.xbrl.org/2003/arcrole/summation-item" xlink:from="us-gaap_NetCashProvidedByUsedInFinancingActivities" xlink:to="us-gaap_ExcessTaxBenefitFromShareBasedCompensationFinancingActivities" />
<loc xlink:type="locator" xlink:href="http://xbrl.fasb.org/us-gaap/2018/elts/us-gaap-2018-01-31.xsd#us-gaap_PaymentsOfDividends" xlink:label="us-gaap_PaymentsOfDividends" />
<calculationArc xlink:type="arc" order="1.15" priority="2" use="optional" weight="-1.00" xlink:arcrole="http://www.xbrl.org/2003/arcrole/summation-item" xlink:from="us-gaap_NetCashProvidedByUsedInFinancingActivities" xlink:to="us-gaap_PaymentsOfDividends" />
<loc xlink:type="locator" xlink:href="http://xbrl.fasb.org/us-gaap/2018/elts/us-gaap-2018-01-31.xsd#us-gaap_PaymentsForRepurchaseOfCommonStock" xlink:label="us-gaap_PaymentsForRepurchaseOfCommonStock" />
<calculationArc xlink:type="arc" order="1.16" priority="2" use="optional" weight="-1.00" xlink:arcrole="http://www.xbrl.org/2003/arcrole/summation-item" xlink:from="us-gaap_NetCashProvidedByUsedInFinancingActivities" xlink:to="us-gaap_PaymentsForRepurchaseOfCommonStock" />
<loc xlink:type="locator" xlink:href="http://xbrl.fasb.org/us-gaap/2018/elts/us-gaap-2018-01-31.xsd#us-gaap_EffectOfExchangeRateOnCashAndCashEquivalents" xlink:label="us-gaap_EffectOfExchangeRateOnCashAndCashEquivalents" />
<calculationArc xlink:type="arc" order="1.18" priority="2" use="optional" weight="1.00" xlink:arcrole="http://www.xbrl.org/2003/arcrole/summation-item" xlink:from="us-gaap_CashAndCashEquivalentsPeriodIncreaseDecrease" xlink:to="us-gaap_EffectOfExchangeRateOnCashAndCashEquivalents" />
</calculationLink>
<calculationLink xlink:type="extended" xlink:role="http://www.brightstar.com/taxonomy/role/DisclosureSegmentInformationSummaryOfSegmentInformation">
<loc xlink:type="locator" xlink:href="http://xbrl.fasb.org/us-gaap/2018/elts/us-gaap-2018-01-31.xsd#us-gaap_IncomeLossFromContinuingOperationsBeforeIncomeTaxesExtraordinaryItemsNoncontrollingInterest" xlink:label="us-gaap_IncomeLossFromContinuingOperationsBeforeIncomeTaxesExtraordinaryItemsNoncontrollingInterest" />
<loc xlink:type="locator" xlink:href="http://xbrl.fasb.org/us-gaap/2018/elts/us-gaap-2018-01-31.xsd#us-gaap_OperatingIncomeLoss" xlink:label="us-gaap_OperatingIncomeLoss" />
<calculationArc xlink:type="arc" order="1.02" priority="2" use="optional" weight="1.00" xlink:arcrole="http://www.xbrl.org/2003/arcrole/summation-item" xlink:from="us-gaap_IncomeLossFromContinuingOperationsBeforeIncomeTaxesExtraordinaryItemsNoncontrollingInterest" xlink:to="us-gaap_OperatingIncomeLoss" />
<loc xlink:type="locator" xlink:href="http://xbrl.fasb.org/us-gaap/2018/elts/us-gaap-2018-01-31.xsd#us-gaap_InterestRevenueExpenseNet" xlink:label="us-gaap_InterestRevenueExpenseNet" />
<calculationArc xlink:type="arc" order="1.03" priority="2" use="optional" weight="1.00" xlink:arcrole="http://www.xbrl.org/2003/arcrole/summation-item" xlink:from="us-gaap_IncomeLossFromContinuingOperationsBeforeIncomeTaxesExtraordinaryItemsNoncontrollingInterest" xlink:to="us-gaap_InterestRevenueExpenseNet" />
<loc xlink:type="locator" xlink:href="http://xbrl.fasb.org/us-gaap/2018/elts/us-gaap-2018-01-31.xsd#us-gaap_AmortizationOfIntangibleAssets" xlink:label="us-gaap_AmortizationOfIntangibleAssets" />
<calculationArc xlink:type="arc" order="1.04" priority="2" use="optional" weight="-1.00" xlink:arcrole="http://www.xbrl.org/2003/arcrole/summation-item" xlink:from="us-gaap_IncomeLossFromContinuingOperationsBeforeIncomeTaxesExtraordinaryItemsNoncontrollingInterest" xlink:to="us-gaap_AmortizationOfIntangibleAssets" />
<loc xlink:type="locator" xlink:href="http://xbrl.fasb.org/us-gaap/2018/elts/us-gaap-2018-01-31.xsd#us-gaap_OtherNoninterestExpense" xlink:label="us-gaap_OtherNoninterestExpense" />
<calculationArc xlink:type="arc" order="1.05" priority="2" use="optional" weight="-1.00" xlink:arcrole="http://www.xbrl.org/2003/arcrole/summation-item" xlink:from="us-gaap_IncomeLossFromContinuingOperationsBeforeIncomeTaxesExtraordinaryItemsNoncontrollingInterest" xlink:to="us-gaap_OtherNoninterestExpense" />
</calculationLink>
<calculationLink xlink:type="extended" xlink:role="http://www.brightstar.com/taxonomy/role/NotesToFinancialStatementsOrganizationConsolidationAndPresentationOfFinancialStatementsDisclosureTextBlock" />
<calculationLink xlink:type="extended" xlink:role="http://www.brightstar.com/taxonomy/role/NotesToFinancialStatementsSegmentReportingDisclosureTextBlock" />
<calculationLink xlink:type="extended" xlink:role="http://www.brightstar.com/taxonomy/role/NotesToFinancialStatementsSegmentReportingDisclosureTextBlockTables" />
</linkbase>
